datum a čas,domácí,hosté,skóre,hřiště,pzn.,akce,Datum utkání,Čas utkání,%Date,Timestamp,utkání,@Tremesna,Soupeř,Doma/Venku,název soutěže,zkratka soutěže,kategorie soutěže,pořadí,poznámka
09.08.2026 17:00,FC Mladé Buky,TJ Slavoj Skřivany,1 : 3 (PK:0:0),Mladé Buky,,zápis uzavřen delegace,2026-08-09,17:00:00,739837,2026-08-09 17:00:00,FC Mladé Buky - TJ Slavoj Skřivany,False,FC Mladé Buky,V,7.liga - B.třída muži,Muži,Muzi,1,
09.08.2026 17:00,MFK Trutnov B,TJ Sokol Nepolisy,6 : 0 (PK:0:0),H.S.M.,,zápis uzavřen delegace,2026-08-09,17:00:00,739837,2026-08-09 17:00:00,MFK Trutnov B - TJ Sokol Nepolisy,False,MFK Trutnov B,V,7.liga - B.třída muži,Muži,Muzi,1,
09.08.2026 17:00,FK Dolní Kalná,TJ Baník Rtyně,3 : 1 (PK:0:0),Dolní Kalná,,zápis uzavřen delegace,2026-08-09,17:00:00,739837,2026-08-09 17:00:00,FK Dolní Kalná - TJ Baník Rtyně,False,FK Dolní Kalná,V,7.liga - B.třída muži,Muži,Muzi,1,
08.08.2026 10:15,Sokol Lovčice,1. FK Nová Paka,1 : 2 (PK:0:0),Lovčice,,zápis uzavřen delegace,2026-08-08,10:15:00,739836,2026-08-08 10:15:00,Sokol Lovčice - 1. FK Nová Paka,False,Sokol Lovčice,V,7.liga - B.třída muži,Muži,Muzi,1,
08.08.2026 17:00,SK Sobotka,FC Vrchlabí B,2 : 0 (PK:0:0),Sobotka,,zápis uzavřen delegace,2026-08-08,17:00:00,739836,2026-08-08 17:00:00,SK Sobotka - FC Vrchlabí B,False,SK Sobotka,V,7.liga - B.třída muži,Muži,Muzi,1,
08.08.2026 17:00,TJ Sokol Lužany A,TJ Dvůr Králové n. L. B,3 : 0 (PK:0:0),Lužany,,zápis uzavřen delegace,2026-08-08,17:00:00,739836,2026-08-08 17:00:00,TJ Sokol Lužany A - TJ Dvůr Králové n. L. B,False,TJ Sokol Lužany A,V,7.liga - B.třída muži,Muži,Muzi,1,
07.08.2026 18:00,FK Chlumec n. C. C,SK Lázně Bělohrad B,1 : 5 (PK:0:0),Chlumec,,zápis uzavřen delegace,2026-08-07,18:00:00,739835,2026-08-07 18:00:00,FK Chlumec n. C. C - SK Lázně Bělohrad B,False,FK Chlumec n. C. C,V,7.liga - B.třída muži,Muži,Muzi,1,
16.08.2026 17:00,FK Dolní Kalná,FK Chlumec n. C. C,2 : 5 (PK:0:0),Dolní Kalná,,zápis uzavřen delegace,2026-08-16,17:00:00,739844,2026-08-16 17:00:00,FK Dolní Kalná - FK Chlumec n. C. C,False,FK Dolní Kalná,V,7.liga - B.třída muži,Muži,Muzi,1,
15.08.2026 17:00,TJ Slavoj Skřivany,SK Sobotka,0 : 3 (PK:0:0),Skřivany,,zápis uzavřen delegace,2026-08-15,17:00:00,739843,2026-08-15 17:00:00,TJ Slavoj Skřivany - SK Sobotka,False,TJ Slavoj Skřivany,V,7.liga - B.třída muži,Muži,Muzi,1,
15.08.2026 17:00,TJ Dvůr Králové n. L. B,MFK Trutnov B,2 : 2 (PK:0:0),Bílá Třemešná,,zápis uzavřen delegace,2026-08-15,17:00:00,739843,2026-08-15 17:00:00,TJ Dvůr Králové n. L. B - MFK Trutnov B,False,TJ Dvůr Králové n. L. B,V,7.liga - B.třída muži,Muži,Muzi,1,
15.08.2026 17:00,SK Lázně Bělohrad B,FC Mladé Buky,4 : 0 (PK:0:0),Lázně Bělohrad,,zápis uzavřen delegace,2026-08-15,17:00:00,739843,2026-08-15 17:00:00,SK Lázně Bělohrad B - FC Mladé Buky,False,SK Lázně Bělohrad B,V,7.liga - B.třída muži,Muži,Muzi,1,
15.08.2026 17:00,TJ Baník Rtyně,TJ Sokol Nepolisy,4 : 0 (PK:0:0),Rtyně,,zápis uzavřen delegace,2026-08-15,17:00:00,739843,2026-08-15 17:00:00,TJ Baník Rtyně - TJ Sokol Nepolisy,False,TJ Baník Rtyně,V,7.liga - B.třída muži,Muži,Muzi,1,
15.08.2026 17:00,1. FK Nová Paka,TJ Sokol Lužany A,6 : 4 (PK:0:0),Nová Paka,,zápis uzavřen delegace,2026-08-15,17:00:00,739843,2026-08-15 17:00:00,1. FK Nová Paka - TJ Sokol Lužany A,False,1. FK Nová Paka,V,7.liga - B.třída muži,Muži,Muzi,1,
15.08.2026 17:00,FC Vrchlabí B,Sokol Lovčice,5 : 3 (PK:0:0),Vrchlabí,,zápis uzavřen delegace,2026-08-15,17:00:00,739843,2026-08-15 17:00:00,FC Vrchlabí B - Sokol Lovčice,False,FC Vrchlabí B,V,7.liga - B.třída muži,Muži,Muzi,1,
23.08.2026 17:00,MFK Trutnov B,1. FK Nová Paka,2 : 1 (PK:0:0),H.S.M.,,zápis uzavřen delegace,2026-08-23,17:00:00,739851,2026-08-23 17:00:00,MFK Trutnov B - 1. FK Nová Paka,False,MFK Trutnov B,V,7.liga - B.třída muži,Muži,Muzi,1,
23.08.2026 17:00,TJ Sokol Nepolisy,TJ Dvůr Králové n. L. B,3 : 1 (PK:0:0),Nepolisy,,zápis uzavřen delegace,2026-08-23,17:00:00,739851,2026-08-23 17:00:00,TJ Sokol Nepolisy - TJ Dvůr Králové n. L. B,False,TJ Sokol Nepolisy,V,7.liga - B.třída muži,Muži,Muzi,1,
22.08.2026 15:00,FK Chlumec n. C. C,TJ Baník Rtyně,1 : 2 (PK:0:0),Chlumec,,zápis uzavřen delegace,2026-08-22,15:00:00,739850,2026-08-22 15:00:00,FK Chlumec n. C. C - TJ Baník Rtyně,False,FK Chlumec n. C. C,V,7.liga - B.třída muži,Muži,Muzi,1,
22.08.2026 17:00,TJ Sokol Lužany A,FC Vrchlabí B,1 : 5 (PK:0:0),Lužany,,zápis uzavřen delegace,2026-08-22,17:00:00,739850,2026-08-22 17:00:00,TJ Sokol Lužany A - FC Vrchlabí B,False,TJ Sokol Lužany A,V,7.liga - B.třída muži,Muži,Muzi,1,
22.08.2026 17:00,SK Sobotka,SK Lázně Bělohrad B,3 : 2 (PK:0:0),Sobotka,,zápis uzavřen delegace,2026-08-22,17:00:00,739850,2026-08-22 17:00:00,SK Sobotka - SK Lázně Bělohrad B,False,SK Sobotka,V,7.liga - B.třída muži,Muži,Muzi,1,
22.08.2026 17:00,Sokol Lovčice,TJ Slavoj Skřivany,4 : 3 (PK:0:0),Lovčice,,zápis uzavřen delegace,2026-08-22,17:00:00,739850,2026-08-22 17:00:00,Sokol Lovčice - TJ Slavoj Skřivany,False,Sokol Lovčice,V,7.liga - B.třída muži,Muži,Muzi,1,
22.08.2026 17:00,FC Mladé Buky,FK Dolní Kalná,5 : 2 (PK:0:0),Mladé Buky,,zápis uzavřen delegace,2026-08-22,17:00:00,739850,2026-08-22 17:00:00,FC Mladé Buky - FK Dolní Kalná,False,FC Mladé Buky,V,7.liga - B.třída muži,Muži,Muzi,1,
30.08.2026 17:00,FK Dolní Kalná,SK Sobotka,-- : -- (PK:0:0),Dolní Kalná,,nezahájen delegace,2026-08-30,17:00:00,739858,2026-08-30 17:00:00,FK Dolní Kalná - SK Sobotka,False,FK Dolní Kalná,V,7.liga - B.třída muži,Muži,Muzi,1,
30.08.2026 17:00,FK Chlumec n. C. C,FC Mladé Buky,-- : -- (PK:0:0),Chlumec,,nezahájen delegace,2026-08-30,17:00:00,739858,2026-08-30 17:00:00,FK Chlumec n. C. C - FC Mladé Buky,False,FK Chlumec n. C. C,V,7.liga - B.třída muži,Muži,Muzi,1,
30.08.2026 17:00,FC Vrchlabí B,MFK Trutnov B,-- : -- (PK:0:0),Vrchlabí,,nezahájen delegace,2026-08-30,17:00:00,739858,2026-08-30 17:00:00,FC Vrchlabí B - MFK Trutnov B,False,FC Vrchlabí B,V,7.liga - B.třída muži,Muži,Muzi,1,
29.08.2026 17:00,1. FK Nová Paka,TJ Sokol Nepolisy,-- : -- (PK:0:0),Nová Paka,,nezahájen delegace,2026-08-29,17:00:00,739857,2026-08-29 17:00:00,1. FK Nová Paka - TJ Sokol Nepolisy,False,1. FK Nová Paka,V,7.liga - B.třída muži,Muži,Muzi,1,
29.08.2026 17:00,TJ Slavoj Skřivany,TJ Sokol Lužany A,-- : -- (PK:0:0),Skřivany,,nezahájen delegace,2026-08-29,17:00:00,739857,2026-08-29 17:00:00,TJ Slavoj Skřivany - TJ Sokol Lužany A,False,TJ Slavoj Skřivany,V,7.liga - B.třída muži,Muži,Muzi,1,
29.08.2026 17:00,SK Lázně Bělohrad B,Sokol Lovčice,-- : -- (PK:0:0),Lázně Bělohrad,,nezahájen delegace,2026-08-29,17:00:00,739857,2026-08-29 17:00:00,SK Lázně Bělohrad B - Sokol Lovčice,False,SK Lázně Bělohrad B,V,7.liga - B.třída muži,Muži,Muzi,1,
29.08.2026 17:00,TJ Baník Rtyně,TJ Dvůr Králové n. L. B,-- : -- (PK:0:0),Rtyně,,nezahájen delegace,2026-08-29,17:00:00,739857,2026-08-29 17:00:00,TJ Baník Rtyně - TJ Dvůr Králové n. L. B,False,TJ Baník Rtyně,V,7.liga - B.třída muži,Muži,Muzi,1,
06.09.2026 17:00,MFK Trutnov B,TJ Slavoj Skřivany,-- : -- (PK:0:0),H.S.M.,,nezahájen delegace,2026-09-06,17:00:00,739865,2026-09-06 17:00:00,MFK Trutnov B - TJ Slavoj Skřivany,False,MFK Trutnov B,V,7.liga - B.třída muži,Muži,Muzi,1,
05.09.2026 17:00,TJ Dvůr Králové n. L. B,1. FK Nová Paka,-- : -- (PK:0:0),Bílá Třemešná,,nezahájen delegace,2026-09-05,17:00:00,739864,2026-09-05 17:00:00,TJ Dvůr Králové n. L. B - 1. FK Nová Paka,False,TJ Dvůr Králové n. L. B,V,7.liga - B.třída muži,Muži,Muzi,1,
05.09.2026 13:00,FC Mladé Buky,TJ Baník Rtyně,-- : -- (PK:0:0),Mladé Buky,,nezahájen delegace,2026-09-05,13:00:00,739864,2026-09-05 13:00:00,FC Mladé Buky - TJ Baník Rtyně,False,FC Mladé Buky,V,7.liga - B.třída muži,Muži,Muzi,1,
05.09.2026 17:00,Sokol Lovčice,FK Dolní Kalná,-- : -- (PK:0:0),Lovčice,,nezahájen delegace,2026-09-05,17:00:00,739864,2026-09-05 17:00:00,Sokol Lovčice - FK Dolní Kalná,False,Sokol Lovčice,V,7.liga - B.třída muži,Muži,Muzi,1,
05.09.2026 17:00,TJ Sokol Nepolisy,FC Vrchlabí B,-- : -- (PK:0:0),Nepolisy,,nezahájen delegace,2026-09-05,17:00:00,739864,2026-09-05 17:00:00,TJ Sokol Nepolisy - FC Vrchlabí B,False,TJ Sokol Nepolisy,V,7.liga - B.třída muži,Muži,Muzi,1,
05.09.2026 17:00,SK Sobotka,FK Chlumec n. C. C,-- : -- (PK:0:0),Sobotka,,nezahájen delegace,2026-09-05,17:00:00,739864,2026-09-05 17:00:00,SK Sobotka - FK Chlumec n. C. C,False,SK Sobotka,V,7.liga - B.třída muži,Muži,Muzi,1,
05.09.2026 17:00,TJ Sokol Lužany A,SK Lázně Bělohrad B,-- : -- (PK:0:0),Lužany,,nezahájen delegace,2026-09-05,17:00:00,739864,2026-09-05 17:00:00,TJ Sokol Lužany A - SK Lázně Bělohrad B,False,TJ Sokol Lužany A,V,7.liga - B.třída muži,Muži,Muzi,1,
13.09.2026 17:00,FC Mladé Buky,SK Sobotka,-- : -- (PK:0:0),Mladé Buky,,nezahájen delegace,2026-09-13,17:00:00,739872,2026-09-13 17:00:00,FC Mladé Buky - SK Sobotka,False,FC Mladé Buky,V,7.liga - B.třída muži,Muži,Muzi,1,
12.09.2026 17:00,TJ Slavoj Skřivany,TJ Sokol Nepolisy,-- : -- (PK:0:0),Skřivany,,nezahájen delegace,2026-09-12,17:00:00,739871,2026-09-12 17:00:00,TJ Slavoj Skřivany - TJ Sokol Nepolisy,False,TJ Slavoj Skřivany,V,7.liga - B.třída muži,Muži,Muzi,1,
12.09.2026 17:00,FK Dolní Kalná,TJ Sokol Lužany A,-- : -- (PK:0:0),Dolní Kalná,,nezahájen delegace,2026-09-12,17:00:00,739871,2026-09-12 17:00:00,FK Dolní Kalná - TJ Sokol Lužany A,False,FK Dolní Kalná,V,7.liga - B.třída muži,Muži,Muzi,1,
12.09.2026 17:00,TJ Baník Rtyně,1. FK Nová Paka,-- : -- (PK:0:0),Rtyně,,nezahájen delegace,2026-09-12,17:00:00,739871,2026-09-12 17:00:00,TJ Baník Rtyně - 1. FK Nová Paka,False,TJ Baník Rtyně,V,7.liga - B.třída muži,Muži,Muzi,1,
12.09.2026 17:00,SK Lázně Bělohrad B,MFK Trutnov B,-- : -- (PK:0:0),Lázně Bělohrad,,nezahájen delegace,2026-09-12,17:00:00,739871,2026-09-12 17:00:00,SK Lázně Bělohrad B - MFK Trutnov B,False,SK Lázně Bělohrad B,V,7.liga - B.třída muži,Muži,Muzi,1,
12.09.2026 17:00,FC Vrchlabí B,TJ Dvůr Králové n. L. B,-- : -- (PK:0:0),Vrchlabí,,nezahájen delegace,2026-09-12,17:00:00,739871,2026-09-12 17:00:00,FC Vrchlabí B - TJ Dvůr Králové n. L. B,False,FC Vrchlabí B,V,7.liga - B.třída muži,Muži,Muzi,1,
11.09.2026 17:00,FK Chlumec n. C. C,Sokol Lovčice,-- : -- (PK:0:0),Chlumec,,nezahájen delegace,2026-09-11,17:00:00,739870,2026-09-11 17:00:00,FK Chlumec n. C. C - Sokol Lovčice,False,FK Chlumec n. C. C,V,7.liga - B.třída muži,Muži,Muzi,1,
20.09.2026 16:30,TJ Sokol Nepolisy,SK Lázně Bělohrad B,-- : -- (PK:0:0),Nepolisy,,nezahájen delegace,2026-09-20,16:30:00,739879,2026-09-20 16:30:00,TJ Sokol Nepolisy - SK Lázně Bělohrad B,False,TJ Sokol Nepolisy,V,7.liga - B.třída muži,Muži,Muzi,1,
20.09.2026 16:30,MFK Trutnov B,FK Dolní Kalná,-- : -- (PK:0:0),H.S.M.,,nezahájen delegace,2026-09-20,16:30:00,739879,2026-09-20 16:30:00,MFK Trutnov B - FK Dolní Kalná,False,MFK Trutnov B,V,7.liga - B.třída muži,Muži,Muzi,1,
19.09.2026 11:00,TJ Dvůr Králové n. L. B,TJ Slavoj Skřivany,-- : -- (PK:0:0),Bílá Třemešná,,nezahájen delegace,2026-09-19,11:00:00,739878,2026-09-19 11:00:00,TJ Dvůr Králové n. L. B - TJ Slavoj Skřivany,False,TJ Dvůr Králové n. L. B,V,7.liga - B.třída muži,Muži,Muzi,1,
19.09.2026 16:30,TJ Sokol Lužany A,FK Chlumec n. C. C,-- : -- (PK:0:0),Lužany,,nezahájen delegace,2026-09-19,16:30:00,739878,2026-09-19 16:30:00,TJ Sokol Lužany A - FK Chlumec n. C. C,False,TJ Sokol Lužany A,V,7.liga - B.třída muži,Muži,Muzi,1,
19.09.2026 16:30,SK Sobotka,TJ Baník Rtyně,-- : -- (PK:0:0),Sobotka,,nezahájen delegace,2026-09-19,16:30:00,739878,2026-09-19 16:30:00,SK Sobotka - TJ Baník Rtyně,False,SK Sobotka,V,7.liga - B.třída muži,Muži,Muzi,1,
19.09.2026 16:30,Sokol Lovčice,FC Mladé Buky,-- : -- (PK:0:0),Lovčice,,nezahájen delegace,2026-09-19,16:30:00,739878,2026-09-19 16:30:00,Sokol Lovčice - FC Mladé Buky,False,Sokol Lovčice,V,7.liga - B.třída muži,Muži,Muzi,1,
19.09.2026 16:30,1. FK Nová Paka,FC Vrchlabí B,-- : -- (PK:0:0),Nová Paka,,nezahájen delegace,2026-09-19,16:30:00,739878,2026-09-19 16:30:00,1. FK Nová Paka - FC Vrchlabí B,False,1. FK Nová Paka,V,7.liga - B.třída muži,Muži,Muzi,1,
27.09.2026 16:30,FK Chlumec n. C. C,MFK Trutnov B,-- : -- (PK:0:0),Chlumec,,nezahájen delegace,2026-09-27,16:30:00,739886,2026-09-27 16:30:00,FK Chlumec n. C. C - MFK Trutnov B,False,FK Chlumec n. C. C,V,7.liga - B.třída muži,Muži,Muzi,1,
26.09.2026 16:30,TJ Baník Rtyně,FC Vrchlabí B,-- : -- (PK:0:0),Rtyně,,nezahájen delegace,2026-09-26,16:30:00,739885,2026-09-26 16:30:00,TJ Baník Rtyně - FC Vrchlabí B,False,TJ Baník Rtyně,V,7.liga - B.třída muži,Muži,Muzi,1,
26.09.2026 15:30,Sokol Lovčice,SK Sobotka,-- : -- (PK:0:0),Sobotka,,nezahájen delegace,2026-09-26,15:30:00,739885,2026-09-26 15:30:00,Sokol Lovčice - SK Sobotka,False,Sokol Lovčice,V,7.liga - B.třída muži,Muži,Muzi,1,
26.09.2026 16:30,FK Dolní Kalná,TJ Sokol Nepolisy,-- : -- (PK:0:0),Dolní Kalná,,nezahájen delegace,2026-09-26,16:30:00,739885,2026-09-26 16:30:00,FK Dolní Kalná - TJ Sokol Nepolisy,False,FK Dolní Kalná,V,7.liga - B.třída muži,Muži,Muzi,1,
26.09.2026 16:30,SK Lázně Bělohrad B,TJ Dvůr Králové n. L. B,-- : -- (PK:0:0),Lázně Bělohrad,,nezahájen delegace,2026-09-26,16:30:00,739885,2026-09-26 16:30:00,SK Lázně Bělohrad B - TJ Dvůr Králové n. L. B,False,SK Lázně Bělohrad B,V,7.liga - B.třída muži,Muži,Muzi,1,
26.09.2026 16:30,TJ Slavoj Skřivany,1. FK Nová Paka,-- : -- (PK:0:0),Skřivany,,nezahájen delegace,2026-09-26,16:30:00,739885,2026-09-26 16:30:00,TJ Slavoj Skřivany - 1. FK Nová Paka,False,TJ Slavoj Skřivany,V,7.liga - B.třída muži,Muži,Muzi,1,
26.09.2026 16:30,FC Mladé Buky,TJ Sokol Lužany A,-- : -- (PK:0:0),Mladé Buky,,nezahájen delegace,2026-09-26,16:30:00,739885,2026-09-26 16:30:00,FC Mladé Buky - TJ Sokol Lužany A,False,FC Mladé Buky,V,7.liga - B.třída muži,Muži,Muzi,1,
04.10.2026 16:00,MFK Trutnov B,FC Mladé Buky,-- : -- (PK:0:0),H.S.M.,,nezahájen delegace,2026-10-04,16:00:00,739893,2026-10-04 16:00:00,MFK Trutnov B - FC Mladé Buky,False,MFK Trutnov B,V,7.liga - B.třída muži,Muži,Muzi,1,
04.10.2026 16:00,Sokol Lovčice,TJ Baník Rtyně,-- : -- (PK:0:0),Lovčice,,nezahájen delegace,2026-10-04,16:00:00,739893,2026-10-04 16:00:00,Sokol Lovčice - TJ Baník Rtyně,False,Sokol Lovčice,V,7.liga - B.třída muži,Muži,Muzi,1,
03.10.2026 10:00,TJ Sokol Nepolisy,FK Chlumec n. C. C,-- : -- (PK:0:0),Nepolisy,,nezahájen delegace,2026-10-03,10:00:00,739892,2026-10-03 10:00:00,TJ Sokol Nepolisy - FK Chlumec n. C. C,False,TJ Sokol Nepolisy,V,7.liga - B.třída muži,Muži,Muzi,1,
03.10.2026 16:00,FC Vrchlabí B,TJ Slavoj Skřivany,-- : -- (PK:0:0),Vrchlabí,,nezahájen delegace,2026-10-03,16:00:00,739892,2026-10-03 16:00:00,FC Vrchlabí B - TJ Slavoj Skřivany,False,FC Vrchlabí B,V,7.liga - B.třída muži,Muži,Muzi,1,
03.10.2026 16:00,1. FK Nová Paka,SK Lázně Bělohrad B,-- : -- (PK:0:0),Nová Paka,,nezahájen delegace,2026-10-03,16:00:00,739892,2026-10-03 16:00:00,1. FK Nová Paka - SK Lázně Bělohrad B,False,1. FK Nová Paka,V,7.liga - B.třída muži,Muži,Muzi,1,
03.10.2026 16:00,TJ Dvůr Králové n. L. B,FK Dolní Kalná,-- : -- (PK:0:0),Bílá Třemešná,,nezahájen delegace,2026-10-03,16:00:00,739892,2026-10-03 16:00:00,TJ Dvůr Králové n. L. B - FK Dolní Kalná,False,TJ Dvůr Králové n. L. B,V,7.liga - B.třída muži,Muži,Muzi,1,
03.10.2026 16:00,TJ Sokol Lužany A,SK Sobotka,-- : -- (PK:0:0),Lužany,,nezahájen delegace,2026-10-03,16:00:00,739892,2026-10-03 16:00:00,TJ Sokol Lužany A - SK Sobotka,False,TJ Sokol Lužany A,V,7.liga - B.třída muži,Muži,Muzi,1,
11.10.2026 16:00,FK Chlumec n. C. C,TJ Dvůr Králové n. L. B,-- : -- (PK:0:0),Chlumec,,nezahájen delegace,2026-10-11,16:00:00,739900,2026-10-11 16:00:00,FK Chlumec n. C. C - TJ Dvůr Králové n. L. B,False,FK Chlumec n. C. C,V,7.liga - B.třída muži,Muži,Muzi,1,
11.10.2026 16:00,FK Dolní Kalná,1. FK Nová Paka,-- : -- (PK:0:0),Dolní Kalná,,nezahájen delegace,2026-10-11,16:00:00,739900,2026-10-11 16:00:00,FK Dolní Kalná - 1. FK Nová Paka,False,FK Dolní Kalná,V,7.liga - B.třída muži,Muži,Muzi,1,
10.10.2026 16:00,SK Lázně Bělohrad B,FC Vrchlabí B,-- : -- (PK:0:0),Lázně Bělohrad,,nezahájen delegace,2026-10-10,16:00:00,739899,2026-10-10 16:00:00,SK Lázně Bělohrad B - FC Vrchlabí B,False,SK Lázně Bělohrad B,V,7.liga - B.třída muži,Muži,Muzi,1,
10.10.2026 16:00,SK Sobotka,MFK Trutnov B,-- : -- (PK:0:0),Sobotka,,nezahájen delegace,2026-10-10,16:00:00,739899,2026-10-10 16:00:00,SK Sobotka - MFK Trutnov B,False,SK Sobotka,V,7.liga - B.třída muži,Muži,Muzi,1,
10.10.2026 16:00,TJ Baník Rtyně,TJ Slavoj Skřivany,-- : -- (PK:0:0),Rtyně,,nezahájen delegace,2026-10-10,16:00:00,739899,2026-10-10 16:00:00,TJ Baník Rtyně - TJ Slavoj Skřivany,False,TJ Baník Rtyně,V,7.liga - B.třída muži,Muži,Muzi,1,
10.10.2026 16:00,FC Mladé Buky,TJ Sokol Nepolisy,-- : -- (PK:0:0),Mladé Buky,,nezahájen delegace,2026-10-10,16:00:00,739899,2026-10-10 16:00:00,FC Mladé Buky - TJ Sokol Nepolisy,False,FC Mladé Buky,V,7.liga - B.třída muži,Muži,Muzi,1,
10.10.2026 16:00,Sokol Lovčice,TJ Sokol Lužany A,-- : -- (PK:0:0),Lovčice,,nezahájen delegace,2026-10-10,16:00:00,739899,2026-10-10 16:00:00,Sokol Lovčice - TJ Sokol Lužany A,False,Sokol Lovčice,V,7.liga - B.třída muži,Muži,Muzi,1,
18.10.2026 15:30,FC Vrchlabí B,FK Dolní Kalná,-- : -- (PK:0:0),"Vrchlabí, UMT",,nezahájen delegace,2026-10-18,15:30:00,739907,2026-10-18 15:30:00,FC Vrchlabí B - FK Dolní Kalná,False,FC Vrchlabí B,V,7.liga - B.třída muži,Muži,Muzi,1,
18.10.2026 15:30,MFK Trutnov B,Sokol Lovčice,-- : -- (PK:0:0),"Trutnov, UMT",,nezahájen delegace,2026-10-18,15:30:00,739907,2026-10-18 15:30:00,MFK Trutnov B - Sokol Lovčice,False,MFK Trutnov B,V,7.liga - B.třída muži,Muži,Muzi,1,
17.10.2026 15:30,TJ Slavoj Skřivany,SK Lázně Bělohrad B,-- : -- (PK:0:0),Skřivany,,nezahájen delegace,2026-10-17,15:30:00,739906,2026-10-17 15:30:00,TJ Slavoj Skřivany - SK Lázně Bělohrad B,False,TJ Slavoj Skřivany,V,7.liga - B.třída muži,Muži,Muzi,1,
17.10.2026 15:30,TJ Sokol Nepolisy,SK Sobotka,-- : -- (PK:0:0),Nepolisy,,nezahájen delegace,2026-10-17,15:30:00,739906,2026-10-17 15:30:00,TJ Sokol Nepolisy - SK Sobotka,False,TJ Sokol Nepolisy,V,7.liga - B.třída muži,Muži,Muzi,1,
17.10.2026 15:30,TJ Sokol Lužany A,TJ Baník Rtyně,-- : -- (PK:0:0),Lužany,,nezahájen delegace,2026-10-17,15:30:00,739906,2026-10-17 15:30:00,TJ Sokol Lužany A - TJ Baník Rtyně,False,TJ Sokol Lužany A,V,7.liga - B.třída muži,Muži,Muzi,1,
17.10.2026 15:30,FC Mladé Buky,TJ Dvůr Králové n. L. B,-- : -- (PK:0:0),Mladé Buky,,nezahájen delegace,2026-10-17,15:30:00,739906,2026-10-17 15:30:00,FC Mladé Buky - TJ Dvůr Králové n. L. B,False,FC Mladé Buky,V,7.liga - B.třída muži,Muži,Muzi,1,
17.10.2026 15:30,1. FK Nová Paka,FK Chlumec n. C. C,-- : -- (PK:0:0),Nová Paka,,nezahájen delegace,2026-10-17,15:30:00,739906,2026-10-17 15:30:00,1. FK Nová Paka - FK Chlumec n. C. C,False,1. FK Nová Paka,V,7.liga - B.třída muži,Muži,Muzi,1,
25.10.2026 14:30,Sokol Lovčice,TJ Sokol Nepolisy,-- : -- (PK:0:0),Lovčice,,nezahájen delegace,2026-10-25,14:30:00,739914,2026-10-25 14:30:00,Sokol Lovčice - TJ Sokol Nepolisy,False,Sokol Lovčice,V,7.liga - B.třída muži,Muži,Muzi,1,
24.10.2026 14:30,FK Dolní Kalná,TJ Slavoj Skřivany,-- : -- (PK:0:0),Dolní Kalná,,nezahájen delegace,2026-10-24,14:30:00,739913,2026-10-24 14:30:00,FK Dolní Kalná - TJ Slavoj Skřivany,False,FK Dolní Kalná,V,7.liga - B.třída muži,Muži,Muzi,1,
24.10.2026 12:30,FK Chlumec n. C. C,FC Vrchlabí B,-- : -- (PK:0:0),Chlumec,,nezahájen delegace,2026-10-24,12:30:00,739913,2026-10-24 12:30:00,FK Chlumec n. C. C - FC Vrchlabí B,False,FK Chlumec n. C. C,V,7.liga - B.třída muži,Muži,Muzi,1,
24.10.2026 14:30,TJ Baník Rtyně,SK Lázně Bělohrad B,-- : -- (PK:0:0),Rtyně,,nezahájen delegace,2026-10-24,14:30:00,739913,2026-10-24 14:30:00,TJ Baník Rtyně - SK Lázně Bělohrad B,False,TJ Baník Rtyně,V,7.liga - B.třída muži,Muži,Muzi,1,
24.10.2026 14:30,TJ Sokol Lužany A,MFK Trutnov B,-- : -- (PK:0:0),Lužany,,nezahájen delegace,2026-10-24,14:30:00,739913,2026-10-24 14:30:00,TJ Sokol Lužany A - MFK Trutnov B,False,TJ Sokol Lužany A,V,7.liga - B.třída muži,Muži,Muzi,1,
24.10.2026 14:30,SK Sobotka,TJ Dvůr Králové n. L. B,-- : -- (PK:0:0),Sobotka,,nezahájen delegace,2026-10-24,14:30:00,739913,2026-10-24 14:30:00,SK Sobotka - TJ Dvůr Králové n. L. B,False,SK Sobotka,V,7.liga - B.třída muži,Muži,Muzi,1,
24.10.2026 14:30,FC Mladé Buky,1. FK Nová Paka,-- : -- (PK:0:0),Mladé Buky,,nezahájen delegace,2026-10-24,14:30:00,739913,2026-10-24 14:30:00,FC Mladé Buky - 1. FK Nová Paka,False,FC Mladé Buky,V,7.liga - B.třída muži,Muži,Muzi,1,
01.11.2026 14:00,MFK Trutnov B,TJ Baník Rtyně,-- : -- (PK:0:0),"Trutnov, UMT",,nezahájen delegace,2026-11-01,14:00:00,739921,2026-11-01 14:00:00,MFK Trutnov B - TJ Baník Rtyně,False,MFK Trutnov B,V,7.liga - B.třída muži,Muži,Muzi,1,
31.10.2026 14:00,1. FK Nová Paka,SK Sobotka,-- : -- (PK:0:0),Nová Paka,,nezahájen delegace,2026-10-31,14:00:00,739920,2026-10-31 14:00:00,1. FK Nová Paka - SK Sobotka,False,1. FK Nová Paka,V,7.liga - B.třída muži,Muži,Muzi,1,
31.10.2026 14:00,TJ Dvůr Králové n. L. B,Sokol Lovčice,-- : -- (PK:0:0),Bílá Třemešná,,nezahájen delegace,2026-10-31,14:00:00,739920,2026-10-31 14:00:00,TJ Dvůr Králové n. L. B - Sokol Lovčice,False,TJ Dvůr Králové n. L. B,V,7.liga - B.třída muži,Muži,Muzi,1,
31.10.2026 14:00,TJ Sokol Nepolisy,TJ Sokol Lužany A,-- : -- (PK:0:0),Nepolisy,,nezahájen delegace,2026-10-31,14:00:00,739920,2026-10-31 14:00:00,TJ Sokol Nepolisy - TJ Sokol Lužany A,False,TJ Sokol Nepolisy,V,7.liga - B.třída muži,Muži,Muzi,1,
31.10.2026 14:00,FC Vrchlabí B,FC Mladé Buky,-- : -- (PK:0:0),"Vrchlabí, UMT",,nezahájen delegace,2026-10-31,14:00:00,739920,2026-10-31 14:00:00,FC Vrchlabí B - FC Mladé Buky,False,FC Vrchlabí B,V,7.liga - B.třída muži,Muži,Muzi,1,
31.10.2026 14:00,SK Lázně Bělohrad B,FK Dolní Kalná,-- : -- (PK:0:0),Lázně Bělohrad,,nezahájen delegace,2026-10-31,14:00:00,739920,2026-10-31 14:00:00,SK Lázně Bělohrad B - FK Dolní Kalná,False,SK Lázně Bělohrad B,V,7.liga - B.třída muži,Muži,Muzi,1,
31.10.2026 14:00,TJ Slavoj Skřivany,FK Chlumec n. C. C,-- : -- (PK:0:0),Skřivany,,nezahájen delegace,2026-10-31,14:00:00,739920,2026-10-31 14:00:00,TJ Slavoj Skřivany - FK Chlumec n. C. C,False,TJ Slavoj Skřivany,V,7.liga - B.třída muži,Muži,Muzi,1,
23.08.2026 14:00,TJ Jiskra Hořice,SK Smiřice,4 : 0 (PK:0:0),Hořice,,zápis uzavřen delegace,2026-08-23,14:00:00,739851,2026-08-23 14:00:00,TJ Jiskra Hořice - SK Smiřice,False,TJ Jiskra Hořice,V,KP mladšího dorostu U 17,Ml. dorost,Ml_dorost,3,
23.08.2026 10:30,Kostelec/Častolovice,Spartak Police n. M.,5 : 2 (PK:0:0),Častolovice,,zápis uzavřen delegace,2026-08-23,10:30:00,739851,2026-08-23 10:30:00,Kostelec/Častolovice - Spartak Police n. M.,False,Kostelec/Častolovice,V,KP mladšího dorostu U 17,Ml. dorost,Ml_dorost,3,
23.08.2026 14:00,SK Česká Skalice,TJ Sokol Stěžery,1 : 3 (PK:0:0),Česká Skalice,,zápis uzavřen delegace,2026-08-23,14:00:00,739851,2026-08-23 14:00:00,SK Česká Skalice - TJ Sokol Stěžery,False,SK Česká Skalice,V,KP mladšího dorostu U 17,Ml. dorost,Ml_dorost,3,
22.08.2026 09:30,SK Robousy,Černíkovice/Solnice,1 : 4 (PK:0:0),Robousy,,zápis uzavřen delegace,2026-08-22,09:30:00,739850,2026-08-22 09:30:00,SK Robousy - Černíkovice/Solnice,False,SK Robousy,V,KP mladšího dorostu U 17,Ml. dorost,Ml_dorost,3,
22.08.2026 13:00,Jičín/Železnice,FK Chlumec n. C.,2 : 5 (PK:0:0),Železnice,,zápis uzavřen delegace,2026-08-22,13:00:00,739850,2026-08-22 13:00:00,Jičín/Železnice - FK Chlumec n. C.,False,Jičín/Železnice,V,KP mladšího dorostu U 17,Ml. dorost,Ml_dorost,3,
22.08.2026 12:30,Dobruška/Opočno,TJ Sokol Třebeš,2 : 5 (PK:0:0),Dobruška,,zápis uzavřen delegace,2026-08-22,12:30:00,739850,2026-08-22 12:30:00,Dobruška/Opočno - TJ Sokol Třebeš,False,Dobruška/Opočno,V,KP mladšího dorostu U 17,Ml. dorost,Ml_dorost,3,
22.08.2026 09:30,FC Spartak Rychnov n. Kn.,FC Vrchlabí,1 : 4 (PK:0:0),Rychnov,,zápis uzavřen delegace,2026-08-22,09:30:00,739850,2026-08-22 09:30:00,FC Spartak Rychnov n. Kn. - FC Vrchlabí,False,FC Spartak Rychnov n. Kn.,V,KP mladšího dorostu U 17,Ml. dorost,Ml_dorost,3,
22.08.2026 13:30,Žacléř/Mladé Buky,SK Lázně Bělohrad,5 : 5 (PK:0:0),Mladé Buky,,zápis uzavřen delegace,2026-08-22,13:30:00,739850,2026-08-22 13:30:00,Žacléř/Mladé Buky - SK Lázně Bělohrad,False,Žacléř/Mladé Buky,V,KP mladšího dorostu U 17,Ml. dorost,Ml_dorost,3,
22.08.2026 14:30,FC Slavia Hradec Králové B,Vysoká/Nový HK,4 : 0 (PK:0:0),FC Olympia HK - Kukleny,,zápis uzavřen delegace,2026-08-22,14:30:00,739850,2026-08-22 14:30:00,FC Slavia Hradec Králové B - Vysoká/Nový HK,False,FC Slavia Hradec Králové B,V,KP mladšího dorostu U 17,Ml. dorost,Ml_dorost,3,
22.08.2026 13:30,TJ Velké Poříčí,Sokol Lhota pod Libčany,1 : 9 (PK:0:0),Velké Poříčí,,zápis uzavřen delegace,2026-08-22,13:30:00,739850,2026-08-22 13:30:00,TJ Velké Poříčí - Sokol Lhota pod Libčany,False,TJ Velké Poříčí,V,KP mladšího dorostu U 17,Ml. dorost,Ml_dorost,3,
22.08.2026 13:30,MFK Nové Město n. M.,TJ SOKOL MALŠOVA LHOTA,2 : 10 (PK:0:0),Nové Město,,zápis uzavřen delegace,2026-08-22,13:30:00,739850,2026-08-22 13:30:00,MFK Nové Město n. M. - TJ SOKOL MALŠOVA LHOTA,False,MFK Nové Město n. M.,V,KP mladšího dorostu U 17,Ml. dorost,Ml_dorost,3,
22.08.2026 17:00,SK Týniště n. O.,Dvůr Králové/Bílá Třemešná,5 : 1 (PK:0:0),Týniště - Olšina,,zápis uzavřen delegace,2026-08-22,17:00:00,739850,2026-08-22 17:00:00,SK Týniště n. O. - Dvůr Králové/Bílá Třemešná,True,SK Týniště n. O.,V,KP mladšího dorostu U 17,Ml. dorost,Ml_dorost,3,
30.08.2026 10:15,Vysoká/Nový HK,TJ Jiskra Hořice,-- : -- (PK:0:0),Vysoká,,nezahájen delegace,2026-08-30,10:15:00,739858,2026-08-30 10:15:00,Vysoká/Nový HK - TJ Jiskra Hořice,False,Vysoká/Nový HK,V,KP mladšího dorostu U 17,Ml. dorost,Ml_dorost,3,
30.08.2026 10:00,TJ Sokol Třebeš,TJ Velké Poříčí,-- : -- (PK:0:0),Třebeš,,nezahájen delegace,2026-08-30,10:00:00,739858,2026-08-30 10:00:00,TJ Sokol Třebeš - TJ Velké Poříčí,False,TJ Sokol Třebeš,V,KP mladšího dorostu U 17,Ml. dorost,Ml_dorost,3,
30.08.2026 10:00,SK Týniště n. O.,FC Slavia Hradec Králové B,-- : -- (PK:0:0),Týniště - Olšina,,nezahájen delegace,2026-08-30,10:00:00,739858,2026-08-30 10:00:00,SK Týniště n. O. - FC Slavia Hradec Králové B,False,SK Týniště n. O.,V,KP mladšího dorostu U 17,Ml. dorost,Ml_dorost,3,
30.08.2026 09:30,Černíkovice/Solnice,Kostelec/Častolovice,-- : -- (PK:0:0),Černíkovice,,nezahájen delegace,2026-08-30,09:30:00,739858,2026-08-30 09:30:00,Černíkovice/Solnice - Kostelec/Častolovice,False,Černíkovice/Solnice,V,KP mladšího dorostu U 17,Ml. dorost,Ml_dorost,3,
30.08.2026 13:30,TJ Sokol Stěžery,MFK Nové Město n. M.,-- : -- (PK:0:0),Stěžery,,nezahájen delegace,2026-08-30,13:30:00,739858,2026-08-30 13:30:00,TJ Sokol Stěžery - MFK Nové Město n. M.,False,TJ Sokol Stěžery,V,KP mladšího dorostu U 17,Ml. dorost,Ml_dorost,3,
30.08.2026 13:30,SK Lázně Bělohrad,Dvůr Králové/Bílá Třemešná,-- : -- (PK:0:0),Lázně Bělohrad,,nezahájen delegace,2026-08-30,13:30:00,739858,2026-08-30 13:30:00,SK Lázně Bělohrad - Dvůr Králové/Bílá Třemešná,True,SK Lázně Bělohrad,V,KP mladšího dorostu U 17,Ml. dorost,Ml_dorost,3,
30.08.2026 14:30,Sokol Lhota pod Libčany,Jičín/Železnice,-- : -- (PK:0:0),Lhota pod Libčany,,nezahájen delegace,2026-08-30,14:30:00,739858,2026-08-30 14:30:00,Sokol Lhota pod Libčany - Jičín/Železnice,False,Sokol Lhota pod Libčany,V,KP mladšího dorostu U 17,Ml. dorost,Ml_dorost,3,
29.08.2026 10:00,SK Smiřice,SK Česká Skalice,-- : -- (PK:0:0),Smiřice,,nezahájen delegace,2026-08-29,10:00:00,739857,2026-08-29 10:00:00,SK Smiřice - SK Česká Skalice,False,SK Smiřice,V,KP mladšího dorostu U 17,Ml. dorost,Ml_dorost,3,
29.08.2026 15:00,FC Vrchlabí,SK Robousy,-- : -- (PK:0:0),Vrchlabí,,nezahájen delegace,2026-08-29,15:00:00,739857,2026-08-29 15:00:00,FC Vrchlabí - SK Robousy,False,FC Vrchlabí,V,KP mladšího dorostu U 17,Ml. dorost,Ml_dorost,3,
29.08.2026 14:00,Spartak Police n. M.,Žacléř/Mladé Buky,-- : -- (PK:0:0),Police,,nezahájen delegace,2026-08-29,14:00:00,739857,2026-08-29 14:00:00,Spartak Police n. M. - Žacléř/Mladé Buky,False,Spartak Police n. M.,V,KP mladšího dorostu U 17,Ml. dorost,Ml_dorost,3,
29.08.2026 12:30,FK Chlumec n. C.,FC Spartak Rychnov n. Kn.,-- : -- (PK:0:0),Chlumec,,nezahájen delegace,2026-08-29,12:30:00,739857,2026-08-29 12:30:00,FK Chlumec n. C. - FC Spartak Rychnov n. Kn.,False,FK Chlumec n. C.,V,KP mladšího dorostu U 17,Ml. dorost,Ml_dorost,3,
29.08.2026 17:00,TJ SOKOL MALŠOVA LHOTA,Dobruška/Opočno,-- : -- (PK:0:0),Malšova Lhota,,nezahájen delegace,2026-08-29,17:00:00,739857,2026-08-29 17:00:00,TJ SOKOL MALŠOVA LHOTA - Dobruška/Opočno,False,TJ SOKOL MALŠOVA LHOTA,V,KP mladšího dorostu U 17,Ml. dorost,Ml_dorost,3,
06.09.2026 10:00,FC Spartak Rychnov n. Kn.,Sokol Lhota pod Libčany,-- : -- (PK:0:0),Javornice,,nezahájen delegace,2026-09-06,10:00:00,739865,2026-09-06 10:00:00,FC Spartak Rychnov n. Kn. - Sokol Lhota pod Libčany,False,FC Spartak Rychnov n. Kn.,V,KP mladšího dorostu U 17,Ml. dorost,Ml_dorost,3,
06.09.2026 10:30,Kostelec/Častolovice,SK Robousy,-- : -- (PK:0:0),Častolovice,,nezahájen delegace,2026-09-06,10:30:00,739865,2026-09-06 10:30:00,Kostelec/Častolovice - SK Robousy,False,Kostelec/Častolovice,V,KP mladšího dorostu U 17,Ml. dorost,Ml_dorost,3,
06.09.2026 14:00,SK Česká Skalice,Vysoká/Nový HK,-- : -- (PK:0:0),Česká Skalice,,nezahájen delegace,2026-09-06,14:00:00,739865,2026-09-06 14:00:00,SK Česká Skalice - Vysoká/Nový HK,False,SK Česká Skalice,V,KP mladšího dorostu U 17,Ml. dorost,Ml_dorost,3,
06.09.2026 14:00,TJ Jiskra Hořice,SK Týniště n. O.,-- : -- (PK:0:0),Hořice,,nezahájen delegace,2026-09-06,14:00:00,739865,2026-09-06 14:00:00,TJ Jiskra Hořice - SK Týniště n. O.,False,TJ Jiskra Hořice,V,KP mladšího dorostu U 17,Ml. dorost,Ml_dorost,3,
05.09.2026 13:00,FK Chlumec n. C.,FC Vrchlabí,-- : -- (PK:0:0),Převýšov,,nezahájen delegace,2026-09-05,13:00:00,739864,2026-09-05 13:00:00,FK Chlumec n. C. - FC Vrchlabí,False,FK Chlumec n. C.,V,KP mladšího dorostu U 17,Ml. dorost,Ml_dorost,3,
05.09.2026 13:00,Jičín/Železnice,TJ Sokol Třebeš,-- : -- (PK:0:0),Železnice,,nezahájen delegace,2026-09-05,13:00:00,739864,2026-09-05 13:00:00,Jičín/Železnice - TJ Sokol Třebeš,False,Jičín/Železnice,V,KP mladšího dorostu U 17,Ml. dorost,Ml_dorost,3,
05.09.2026 12:30,Dobruška/Opočno,TJ Sokol Stěžery,-- : -- (PK:0:0),Dobruška,,nezahájen delegace,2026-09-05,12:30:00,739864,2026-09-05 12:30:00,Dobruška/Opočno - TJ Sokol Stěžery,False,Dobruška/Opočno,V,KP mladšího dorostu U 17,Ml. dorost,Ml_dorost,3,
05.09.2026 10:00,Dvůr Králové/Bílá Třemešná,Spartak Police n. M.,-- : -- (PK:0:0),Dvůr Králové,,nezahájen delegace,2026-09-05,10:00:00,739864,2026-09-05 10:00:00,Dvůr Králové/Bílá Třemešná - Spartak Police n. M.,True,Spartak Police n. M.,D,KP mladšího dorostu U 17,Ml. dorost,Ml_dorost,3,
05.09.2026 17:00,Žacléř/Mladé Buky,Černíkovice/Solnice,-- : -- (PK:0:0),Mladé Buky,,nezahájen delegace,2026-09-05,17:00:00,739864,2026-09-05 17:00:00,Žacléř/Mladé Buky - Černíkovice/Solnice,False,Žacléř/Mladé Buky,V,KP mladšího dorostu U 17,Ml. dorost,Ml_dorost,3,
05.09.2026 15:30,SK Smiřice,MFK Nové Město n. M.,-- : -- (PK:0:0),Smiřice,,nezahájen delegace,2026-09-05,15:30:00,739864,2026-09-05 15:30:00,SK Smiřice - MFK Nové Město n. M.,False,SK Smiřice,V,KP mladšího dorostu U 17,Ml. dorost,Ml_dorost,3,
05.09.2026 14:30,FC Slavia Hradec Králové B,SK Lázně Bělohrad,-- : -- (PK:0:0),FC Olympia HK - Kukleny,,nezahájen delegace,2026-09-05,14:30:00,739864,2026-09-05 14:30:00,FC Slavia Hradec Králové B - SK Lázně Bělohrad,False,FC Slavia Hradec Králové B,V,KP mladšího dorostu U 17,Ml. dorost,Ml_dorost,3,
05.09.2026 13:30,TJ Velké Poříčí,TJ SOKOL MALŠOVA LHOTA,-- : -- (PK:0:0),Velké Poříčí,,nezahájen delegace,2026-09-05,13:30:00,739864,2026-09-05 13:30:00,TJ Velké Poříčí - TJ SOKOL MALŠOVA LHOTA,False,TJ Velké Poříčí,V,KP mladšího dorostu U 17,Ml. dorost,Ml_dorost,3,
13.09.2026 10:15,Vysoká/Nový HK,MFK Nové Město n. M.,-- : -- (PK:0:0),Nový HK,,nezahájen delegace,2026-09-13,10:15:00,739872,2026-09-13 10:15:00,Vysoká/Nový HK - MFK Nové Město n. M.,False,Vysoká/Nový HK,V,KP mladšího dorostu U 17,Ml. dorost,Ml_dorost,3,
13.09.2026 13:30,TJ Sokol Stěžery,TJ Velké Poříčí,-- : -- (PK:0:0),Stěžery,,nezahájen delegace,2026-09-13,13:30:00,739872,2026-09-13 13:30:00,TJ Sokol Stěžery - TJ Velké Poříčí,False,TJ Sokol Stěžery,V,KP mladšího dorostu U 17,Ml. dorost,Ml_dorost,3,
13.09.2026 14:00,Sokol Lhota pod Libčany,FK Chlumec n. C.,-- : -- (PK:0:0),Lhota pod Libčany,,nezahájen delegace,2026-09-13,14:00:00,739872,2026-09-13 14:00:00,Sokol Lhota pod Libčany - FK Chlumec n. C.,False,Sokol Lhota pod Libčany,V,KP mladšího dorostu U 17,Ml. dorost,Ml_dorost,3,
13.09.2026 16:00,SK Lázně Bělohrad,TJ Jiskra Hořice,-- : -- (PK:0:0),Lázně Bělohrad,,nezahájen delegace,2026-09-13,16:00:00,739872,2026-09-13 16:00:00,SK Lázně Bělohrad - TJ Jiskra Hořice,False,SK Lázně Bělohrad,V,KP mladšího dorostu U 17,Ml. dorost,Ml_dorost,3,
12.09.2026 12:30,SK Robousy,Žacléř/Mladé Buky,-- : -- (PK:0:0),Robousy,,nezahájen delegace,2026-09-12,12:30:00,739871,2026-09-12 12:30:00,SK Robousy - Žacléř/Mladé Buky,False,SK Robousy,V,KP mladšího dorostu U 17,Ml. dorost,Ml_dorost,3,
12.09.2026 10:00,SK Týniště n. O.,SK Česká Skalice,-- : -- (PK:0:0),Týniště - Olšina,,nezahájen delegace,2026-09-12,10:00:00,739871,2026-09-12 10:00:00,SK Týniště n. O. - SK Česká Skalice,False,SK Týniště n. O.,V,KP mladšího dorostu U 17,Ml. dorost,Ml_dorost,3,
12.09.2026 09:30,Černíkovice/Solnice,Dvůr Králové/Bílá Třemešná,-- : -- (PK:0:0),Černíkovice,,nezahájen delegace,2026-09-12,09:30:00,739871,2026-09-12 09:30:00,Černíkovice/Solnice - Dvůr Králové/Bílá Třemešná,True,Černíkovice/Solnice,V,KP mladšího dorostu U 17,Ml. dorost,Ml_dorost,3,
12.09.2026 09:00,SK Smiřice,Dobruška/Opočno,-- : -- (PK:0:0),Smiřice,,nezahájen delegace,2026-09-12,09:00:00,739871,2026-09-12 09:00:00,SK Smiřice - Dobruška/Opočno,False,SK Smiřice,V,KP mladšího dorostu U 17,Ml. dorost,Ml_dorost,3,
12.09.2026 17:00,Spartak Police n. M.,FC Slavia Hradec Králové B,-- : -- (PK:0:0),Police,,nezahájen delegace,2026-09-12,17:00:00,739871,2026-09-12 17:00:00,Spartak Police n. M. - FC Slavia Hradec Králové B,False,Spartak Police n. M.,V,KP mladšího dorostu U 17,Ml. dorost,Ml_dorost,3,
12.09.2026 17:00,TJ SOKOL MALŠOVA LHOTA,Jičín/Železnice,-- : -- (PK:0:0),Malšova Lhota,,nezahájen delegace,2026-09-12,17:00:00,739871,2026-09-12 17:00:00,TJ SOKOL MALŠOVA LHOTA - Jičín/Železnice,False,TJ SOKOL MALŠOVA LHOTA,V,KP mladšího dorostu U 17,Ml. dorost,Ml_dorost,3,
12.09.2026 14:30,FC Vrchlabí,Kostelec/Častolovice,-- : -- (PK:0:0),Vrchlabí,,nezahájen delegace,2026-09-12,14:30:00,739871,2026-09-12 14:30:00,FC Vrchlabí - Kostelec/Častolovice,False,FC Vrchlabí,V,KP mladšího dorostu U 17,Ml. dorost,Ml_dorost,3,
12.09.2026 13:30,TJ Sokol Třebeš,FC Spartak Rychnov n. Kn.,-- : -- (PK:0:0),Třebeš,,nezahájen delegace,2026-09-12,13:30:00,739871,2026-09-12 13:30:00,TJ Sokol Třebeš - FC Spartak Rychnov n. Kn.,False,TJ Sokol Třebeš,V,KP mladšího dorostu U 17,Ml. dorost,Ml_dorost,3,
20.09.2026 13:30,SK Česká Skalice,SK Lázně Bělohrad,-- : -- (PK:0:0),Česká Skalice,,nezahájen delegace,2026-09-20,13:30:00,739879,2026-09-20 13:30:00,SK Česká Skalice - SK Lázně Bělohrad,False,SK Česká Skalice,V,KP mladšího dorostu U 17,Ml. dorost,Ml_dorost,3,
20.09.2026 13:00,Jičín/Železnice,TJ Sokol Stěžery,-- : -- (PK:0:0),Železnice,,nezahájen delegace,2026-09-20,13:00:00,739879,2026-09-20 13:00:00,Jičín/Železnice - TJ Sokol Stěžery,False,Jičín/Železnice,V,KP mladšího dorostu U 17,Ml. dorost,Ml_dorost,3,
20.09.2026 13:30,Sokol Lhota pod Libčany,FC Vrchlabí,-- : -- (PK:0:0),Lhota pod Libčany,,nezahájen delegace,2026-09-20,13:30:00,739879,2026-09-20 13:30:00,Sokol Lhota pod Libčany - FC Vrchlabí,False,Sokol Lhota pod Libčany,V,KP mladšího dorostu U 17,Ml. dorost,Ml_dorost,3,
19.09.2026 09:30,FC Spartak Rychnov n. Kn.,TJ SOKOL MALŠOVA LHOTA,-- : -- (PK:0:0),Rychnov,,nezahájen delegace,2026-09-19,09:30:00,739878,2026-09-19 09:30:00,FC Spartak Rychnov n. Kn. - TJ SOKOL MALŠOVA LHOTA,False,FC Spartak Rychnov n. Kn.,V,KP mladšího dorostu U 17,Ml. dorost,Ml_dorost,3,
19.09.2026 12:30,Dobruška/Opočno,Vysoká/Nový HK,-- : -- (PK:0:0),Dobruška,,nezahájen delegace,2026-09-19,12:30:00,739878,2026-09-19 12:30:00,Dobruška/Opočno - Vysoká/Nový HK,False,Dobruška/Opočno,V,KP mladšího dorostu U 17,Ml. dorost,Ml_dorost,3,
19.09.2026 12:00,Žacléř/Mladé Buky,Kostelec/Častolovice,-- : -- (PK:0:0),Žacléř,,nezahájen delegace,2026-09-19,12:00:00,739878,2026-09-19 12:00:00,Žacléř/Mladé Buky - Kostelec/Častolovice,False,Žacléř/Mladé Buky,V,KP mladšího dorostu U 17,Ml. dorost,Ml_dorost,3,
19.09.2026 10:00,Dvůr Králové/Bílá Třemešná,SK Robousy,-- : -- (PK:0:0),Dvůr Králové,,nezahájen delegace,2026-09-19,10:00:00,739878,2026-09-19 10:00:00,Dvůr Králové/Bílá Třemešná - SK Robousy,True,SK Robousy,D,KP mladšího dorostu U 17,Ml. dorost,Ml_dorost,3,
19.09.2026 13:00,FK Chlumec n. C.,TJ Sokol Třebeš,-- : -- (PK:0:0),Chlumec,,nezahájen delegace,2026-09-19,13:00:00,739878,2026-09-19 13:00:00,FK Chlumec n. C. - TJ Sokol Třebeš,False,FK Chlumec n. C.,V,KP mladšího dorostu U 17,Ml. dorost,Ml_dorost,3,
19.09.2026 13:30,TJ Jiskra Hořice,Spartak Police n. M.,-- : -- (PK:0:0),Myštěves,,nezahájen delegace,2026-09-19,13:30:00,739878,2026-09-19 13:30:00,TJ Jiskra Hořice - Spartak Police n. M.,False,TJ Jiskra Hořice,V,KP mladšího dorostu U 17,Ml. dorost,Ml_dorost,3,
19.09.2026 13:00,TJ Velké Poříčí,SK Smiřice,-- : -- (PK:0:0),Velké Poříčí,,nezahájen delegace,2026-09-19,13:00:00,739878,2026-09-19 13:00:00,TJ Velké Poříčí - SK Smiřice,False,TJ Velké Poříčí,V,KP mladšího dorostu U 17,Ml. dorost,Ml_dorost,3,
19.09.2026 13:00,MFK Nové Město n. M.,SK Týniště n. O.,-- : -- (PK:0:0),Nové Město,,nezahájen delegace,2026-09-19,13:00:00,739878,2026-09-19 13:00:00,MFK Nové Město n. M. - SK Týniště n. O.,False,MFK Nové Město n. M.,V,KP mladšího dorostu U 17,Ml. dorost,Ml_dorost,3,
19.09.2026 14:30,FC Slavia Hradec Králové B,Černíkovice/Solnice,-- : -- (PK:0:0),FC Olympia HK - Kukleny,,nezahájen delegace,2026-09-19,14:30:00,739878,2026-09-19 14:30:00,FC Slavia Hradec Králové B - Černíkovice/Solnice,False,FC Slavia Hradec Králové B,V,KP mladšího dorostu U 17,Ml. dorost,Ml_dorost,3,
27.09.2026 10:00,TJ Sokol Třebeš,Sokol Lhota pod Libčany,-- : -- (PK:0:0),Třebeš,,nezahájen delegace,2026-09-27,10:00:00,739886,2026-09-27 10:00:00,TJ Sokol Třebeš - Sokol Lhota pod Libčany,False,TJ Sokol Třebeš,V,KP mladšího dorostu U 17,Ml. dorost,Ml_dorost,3,
27.09.2026 10:15,Vysoká/Nový HK,TJ Velké Poříčí,-- : -- (PK:0:0),Vysoká,,nezahájen delegace,2026-09-27,10:15:00,739886,2026-09-27 10:15:00,Vysoká/Nový HK - TJ Velké Poříčí,False,Vysoká/Nový HK,V,KP mladšího dorostu U 17,Ml. dorost,Ml_dorost,3,
27.09.2026 11:30,SK Lázně Bělohrad,MFK Nové Město n. M.,-- : -- (PK:0:0),Lázně Bělohrad,,nezahájen delegace,2026-09-27,11:30:00,739886,2026-09-27 11:30:00,SK Lázně Bělohrad - MFK Nové Město n. M.,False,SK Lázně Bělohrad,V,KP mladšího dorostu U 17,Ml. dorost,Ml_dorost,3,
27.09.2026 09:30,Černíkovice/Solnice,TJ Jiskra Hořice,-- : -- (PK:0:0),Černíkovice,,nezahájen delegace,2026-09-27,09:30:00,739886,2026-09-27 09:30:00,Černíkovice/Solnice - TJ Jiskra Hořice,False,Černíkovice/Solnice,V,KP mladšího dorostu U 17,Ml. dorost,Ml_dorost,3,
27.09.2026 13:00,TJ Sokol Stěžery,FC Spartak Rychnov n. Kn.,-- : -- (PK:0:0),Stěžery,,nezahájen delegace,2026-09-27,13:00:00,739886,2026-09-27 13:00:00,TJ Sokol Stěžery - FC Spartak Rychnov n. Kn.,False,TJ Sokol Stěžery,V,KP mladšího dorostu U 17,Ml. dorost,Ml_dorost,3,
26.09.2026 12:15,FC Vrchlabí,Žacléř/Mladé Buky,-- : -- (PK:0:0),Vrchlabí,,nezahájen delegace,2026-09-26,12:15:00,739885,2026-09-26 12:15:00,FC Vrchlabí - Žacléř/Mladé Buky,False,FC Vrchlabí,V,KP mladšího dorostu U 17,Ml. dorost,Ml_dorost,3,
26.09.2026 10:30,Kostelec/Častolovice,Dvůr Králové/Bílá Třemešná,-- : -- (PK:0:0),Častolovice,,nezahájen delegace,2026-09-26,10:30:00,739885,2026-09-26 10:30:00,Kostelec/Častolovice - Dvůr Králové/Bílá Třemešná,True,Kostelec/Častolovice,V,KP mladšího dorostu U 17,Ml. dorost,Ml_dorost,3,
26.09.2026 10:00,SK Týniště n. O.,Dobruška/Opočno,-- : -- (PK:0:0),Týniště - Olšina,,nezahájen delegace,2026-09-26,10:00:00,739885,2026-09-26 10:00:00,SK Týniště n. O. - Dobruška/Opočno,False,SK Týniště n. O.,V,KP mladšího dorostu U 17,Ml. dorost,Ml_dorost,3,
26.09.2026 13:00,SK Smiřice,Jičín/Železnice,-- : -- (PK:0:0),Smiřice,,nezahájen delegace,2026-09-26,13:00:00,739885,2026-09-26 13:00:00,SK Smiřice - Jičín/Železnice,False,SK Smiřice,V,KP mladšího dorostu U 17,Ml. dorost,Ml_dorost,3,
26.09.2026 16:30,SK Robousy,FC Slavia Hradec Králové B,-- : -- (PK:0:0),Robousy,,nezahájen delegace,2026-09-26,16:30:00,739885,2026-09-26 16:30:00,SK Robousy - FC Slavia Hradec Králové B,False,SK Robousy,V,KP mladšího dorostu U 17,Ml. dorost,Ml_dorost,3,
26.09.2026 13:30,Spartak Police n. M.,SK Česká Skalice,-- : -- (PK:0:0),Police,,nezahájen delegace,2026-09-26,13:30:00,739885,2026-09-26 13:30:00,Spartak Police n. M. - SK Česká Skalice,False,Spartak Police n. M.,V,KP mladšího dorostu U 17,Ml. dorost,Ml_dorost,3,
26.09.2026 16:30,TJ SOKOL MALŠOVA LHOTA,FK Chlumec n. C.,-- : -- (PK:0:0),Malšova Lhota,,nezahájen delegace,2026-09-26,16:30:00,739885,2026-09-26 16:30:00,TJ SOKOL MALŠOVA LHOTA - FK Chlumec n. C.,False,TJ SOKOL MALŠOVA LHOTA,V,KP mladšího dorostu U 17,Ml. dorost,Ml_dorost,3,
04.10.2026 12:30,Jičín/Železnice,Vysoká/Nový HK,-- : -- (PK:0:0),Železnice,,nezahájen delegace,2026-10-04,12:30:00,739893,2026-10-04 12:30:00,Jičín/Železnice - Vysoká/Nový HK,False,Jičín/Železnice,V,KP mladšího dorostu U 17,Ml. dorost,Ml_dorost,3,
04.10.2026 13:00,SK Česká Skalice,Černíkovice/Solnice,-- : -- (PK:0:0),Česká Skalice,,nezahájen delegace,2026-10-04,13:00:00,739893,2026-10-04 13:00:00,SK Česká Skalice - Černíkovice/Solnice,False,SK Česká Skalice,V,KP mladšího dorostu U 17,Ml. dorost,Ml_dorost,3,
04.10.2026 13:30,Sokol Lhota pod Libčany,TJ SOKOL MALŠOVA LHOTA,-- : -- (PK:0:0),Lhota pod Libčany,,nezahájen delegace,2026-10-04,13:30:00,739893,2026-10-04 13:30:00,Sokol Lhota pod Libčany - TJ SOKOL MALŠOVA LHOTA,False,Sokol Lhota pod Libčany,V,KP mladšího dorostu U 17,Ml. dorost,Ml_dorost,3,
04.10.2026 14:00,Dvůr Králové/Bílá Třemešná,Žacléř/Mladé Buky,-- : -- (PK:0:0),Dvůr Králové,,nezahájen delegace,2026-10-04,14:00:00,739893,2026-10-04 14:00:00,Dvůr Králové/Bílá Třemešná - Žacléř/Mladé Buky,True,Žacléř/Mladé Buky,D,KP mladšího dorostu U 17,Ml. dorost,Ml_dorost,3,
03.10.2026 12:30,MFK Nové Město n. M.,Spartak Police n. M.,-- : -- (PK:0:0),Nové Město,,nezahájen delegace,2026-10-03,12:30:00,739892,2026-10-03 12:30:00,MFK Nové Město n. M. - Spartak Police n. M.,False,MFK Nové Město n. M.,V,KP mladšího dorostu U 17,Ml. dorost,Ml_dorost,3,
03.10.2026 12:30,Dobruška/Opočno,SK Lázně Bělohrad,-- : -- (PK:0:0),Dobruška,,nezahájen delegace,2026-10-03,12:30:00,739892,2026-10-03 12:30:00,Dobruška/Opočno - SK Lázně Bělohrad,False,Dobruška/Opočno,V,KP mladšího dorostu U 17,Ml. dorost,Ml_dorost,3,
03.10.2026 10:00,TJ Sokol Třebeš,FC Vrchlabí,-- : -- (PK:0:0),Třebeš,,nezahájen delegace,2026-10-03,10:00:00,739892,2026-10-03 10:00:00,TJ Sokol Třebeš - FC Vrchlabí,False,TJ Sokol Třebeš,V,KP mladšího dorostu U 17,Ml. dorost,Ml_dorost,3,
03.10.2026 09:30,FC Spartak Rychnov n. Kn.,SK Smiřice,-- : -- (PK:0:0),Rychnov,,nezahájen delegace,2026-10-03,09:30:00,739892,2026-10-03 09:30:00,FC Spartak Rychnov n. Kn. - SK Smiřice,False,FC Spartak Rychnov n. Kn.,V,KP mladšího dorostu U 17,Ml. dorost,Ml_dorost,3,
03.10.2026 14:30,FC Slavia Hradec Králové B,Kostelec/Častolovice,-- : -- (PK:0:0),FC Olympia HK - Kukleny,,nezahájen delegace,2026-10-03,14:30:00,739892,2026-10-03 14:30:00,FC Slavia Hradec Králové B - Kostelec/Častolovice,False,FC Slavia Hradec Králové B,V,KP mladšího dorostu U 17,Ml. dorost,Ml_dorost,3,
03.10.2026 13:00,TJ Jiskra Hořice,SK Robousy,-- : -- (PK:0:0),Myštěves,,nezahájen delegace,2026-10-03,13:00:00,739892,2026-10-03 13:00:00,TJ Jiskra Hořice - SK Robousy,False,TJ Jiskra Hořice,V,KP mladšího dorostu U 17,Ml. dorost,Ml_dorost,3,
03.10.2026 13:00,FK Chlumec n. C.,TJ Sokol Stěžery,-- : -- (PK:0:0),Chlumec,,nezahájen delegace,2026-10-03,13:00:00,739892,2026-10-03 13:00:00,FK Chlumec n. C. - TJ Sokol Stěžery,False,FK Chlumec n. C.,V,KP mladšího dorostu U 17,Ml. dorost,Ml_dorost,3,
03.10.2026 12:30,TJ Velké Poříčí,SK Týniště n. O.,-- : -- (PK:0:0),Velké Poříčí,,nezahájen delegace,2026-10-03,12:30:00,739892,2026-10-03 12:30:00,TJ Velké Poříčí - SK Týniště n. O.,False,TJ Velké Poříčí,V,KP mladšího dorostu U 17,Ml. dorost,Ml_dorost,3,
11.10.2026 13:00,SK Lázně Bělohrad,TJ Velké Poříčí,-- : -- (PK:0:0),Lázně Bělohrad,,nezahájen delegace,2026-10-11,13:00:00,739900,2026-10-11 13:00:00,SK Lázně Bělohrad - TJ Velké Poříčí,False,SK Lázně Bělohrad,V,KP mladšího dorostu U 17,Ml. dorost,Ml_dorost,3,
11.10.2026 13:00,SK Robousy,SK Česká Skalice,-- : -- (PK:0:0),Robousy,,nezahájen delegace,2026-10-11,13:00:00,739900,2026-10-11 13:00:00,SK Robousy - SK Česká Skalice,False,SK Robousy,V,KP mladšího dorostu U 17,Ml. dorost,Ml_dorost,3,
11.10.2026 10:15,Vysoká/Nový HK,FC Spartak Rychnov n. Kn.,-- : -- (PK:0:0),Nový HK,,nezahájen delegace,2026-10-11,10:15:00,739900,2026-10-11 10:15:00,Vysoká/Nový HK - FC Spartak Rychnov n. Kn.,False,Vysoká/Nový HK,V,KP mladšího dorostu U 17,Ml. dorost,Ml_dorost,3,
11.10.2026 12:30,TJ Sokol Stěžery,Sokol Lhota pod Libčany,-- : -- (PK:0:0),Stěžery,,nezahájen delegace,2026-10-11,12:30:00,739900,2026-10-11 12:30:00,TJ Sokol Stěžery - Sokol Lhota pod Libčany,False,TJ Sokol Stěžery,V,KP mladšího dorostu U 17,Ml. dorost,Ml_dorost,3,
11.10.2026 13:00,Černíkovice/Solnice,MFK Nové Město n. M.,-- : -- (PK:0:0),Solnice,,nezahájen delegace,2026-10-11,13:00:00,739900,2026-10-11 13:00:00,Černíkovice/Solnice - MFK Nové Město n. M.,False,Černíkovice/Solnice,V,KP mladšího dorostu U 17,Ml. dorost,Ml_dorost,3,
11.10.2026 13:30,FC Vrchlabí,Dvůr Králové/Bílá Třemešná,-- : -- (PK:0:0),Vrchlabí,,nezahájen delegace,2026-10-11,13:30:00,739900,2026-10-11 13:30:00,FC Vrchlabí - Dvůr Králové/Bílá Třemešná,True,FC Vrchlabí,V,KP mladšího dorostu U 17,Ml. dorost,Ml_dorost,3,
10.10.2026 10:00,SK Týniště n. O.,Jičín/Železnice,-- : -- (PK:0:0),Týniště - Olšina,,nezahájen delegace,2026-10-10,10:00:00,739899,2026-10-10 10:00:00,SK Týniště n. O. - Jičín/Železnice,False,SK Týniště n. O.,V,KP mladšího dorostu U 17,Ml. dorost,Ml_dorost,3,
10.10.2026 10:00,Žacléř/Mladé Buky,FC Slavia Hradec Králové B,-- : -- (PK:0:0),Mladé Buky,,nezahájen delegace,2026-10-10,10:00:00,739899,2026-10-10 10:00:00,Žacléř/Mladé Buky - FC Slavia Hradec Králové B,False,Žacléř/Mladé Buky,V,KP mladšího dorostu U 17,Ml. dorost,Ml_dorost,3,
10.10.2026 12:30,SK Smiřice,FK Chlumec n. C.,-- : -- (PK:0:0),Smiřice,,nezahájen delegace,2026-10-10,12:30:00,739899,2026-10-10 12:30:00,SK Smiřice - FK Chlumec n. C.,False,SK Smiřice,V,KP mladšího dorostu U 17,Ml. dorost,Ml_dorost,3,
10.10.2026 10:30,Kostelec/Častolovice,TJ Jiskra Hořice,-- : -- (PK:0:0),Častolovice,,nezahájen delegace,2026-10-10,10:30:00,739899,2026-10-10 10:30:00,Kostelec/Častolovice - TJ Jiskra Hořice,False,Kostelec/Častolovice,V,KP mladšího dorostu U 17,Ml. dorost,Ml_dorost,3,
10.10.2026 16:00,TJ SOKOL MALŠOVA LHOTA,TJ Sokol Třebeš,-- : -- (PK:0:0),Malšova Lhota,,nezahájen delegace,2026-10-10,16:00:00,739899,2026-10-10 16:00:00,TJ SOKOL MALŠOVA LHOTA - TJ Sokol Třebeš,False,TJ SOKOL MALŠOVA LHOTA,V,KP mladšího dorostu U 17,Ml. dorost,Ml_dorost,3,
10.10.2026 16:00,Spartak Police n. M.,Dobruška/Opočno,-- : -- (PK:0:0),Police,,nezahájen delegace,2026-10-10,16:00:00,739899,2026-10-10 16:00:00,Spartak Police n. M. - Dobruška/Opočno,False,Spartak Police n. M.,V,KP mladšího dorostu U 17,Ml. dorost,Ml_dorost,3,
18.10.2026 10:00,FC Slavia Hradec Králové B,Dvůr Králové/Bílá Třemešná,-- : -- (PK:0:0),FC Olympia HK - Kukleny,,nezahájen delegace,2026-10-18,10:00:00,739907,2026-10-18 10:00:00,FC Slavia Hradec Králové B - Dvůr Králové/Bílá Třemešná,True,FC Slavia Hradec Králové B,V,KP mladšího dorostu U 17,Ml. dorost,Ml_dorost,3,
18.10.2026 13:00,Sokol Lhota pod Libčany,SK Smiřice,-- : -- (PK:0:0),Lhota pod Libčany,,nezahájen delegace,2026-10-18,13:00:00,739907,2026-10-18 13:00:00,Sokol Lhota pod Libčany - SK Smiřice,False,Sokol Lhota pod Libčany,V,KP mladšího dorostu U 17,Ml. dorost,Ml_dorost,3,
18.10.2026 10:00,TJ Sokol Třebeš,TJ Sokol Stěžery,-- : -- (PK:0:0),Třebeš,,nezahájen delegace,2026-10-18,10:00:00,739907,2026-10-18 10:00:00,TJ Sokol Třebeš - TJ Sokol Stěžery,False,TJ Sokol Třebeš,V,KP mladšího dorostu U 17,Ml. dorost,Ml_dorost,3,
18.10.2026 10:00,SK Česká Skalice,Kostelec/Častolovice,-- : -- (PK:0:0),Česká Skalice,,nezahájen delegace,2026-10-18,10:00:00,739907,2026-10-18 10:00:00,SK Česká Skalice - Kostelec/Častolovice,False,SK Česká Skalice,V,KP mladšího dorostu U 17,Ml. dorost,Ml_dorost,3,
18.10.2026 13:00,TJ Jiskra Hořice,Žacléř/Mladé Buky,-- : -- (PK:0:0),Hořice,,nezahájen delegace,2026-10-18,13:00:00,739907,2026-10-18 13:00:00,TJ Jiskra Hořice - Žacléř/Mladé Buky,False,TJ Jiskra Hořice,V,KP mladšího dorostu U 17,Ml. dorost,Ml_dorost,3,
18.10.2026 13:30,Černíkovice/Solnice,Dobruška/Opočno,-- : -- (PK:0:0),Solnice,,nezahájen delegace,2026-10-18,13:30:00,739907,2026-10-18 13:30:00,Černíkovice/Solnice - Dobruška/Opočno,False,Černíkovice/Solnice,V,KP mladšího dorostu U 17,Ml. dorost,Ml_dorost,3,
17.10.2026 12:00,TJ Velké Poříčí,Spartak Police n. M.,-- : -- (PK:0:0),Velké Poříčí,,nezahájen delegace,2026-10-17,12:00:00,739906,2026-10-17 12:00:00,TJ Velké Poříčí - Spartak Police n. M.,False,TJ Velké Poříčí,V,KP mladšího dorostu U 17,Ml. dorost,Ml_dorost,3,
17.10.2026 09:30,FC Spartak Rychnov n. Kn.,SK Týniště n. O.,-- : -- (PK:0:0),"Rychnov, UMT",,nezahájen delegace,2026-10-17,09:30:00,739906,2026-10-17 09:30:00,FC Spartak Rychnov n. Kn. - SK Týniště n. O.,False,FC Spartak Rychnov n. Kn.,V,KP mladšího dorostu U 17,Ml. dorost,Ml_dorost,3,
17.10.2026 12:00,MFK Nové Město n. M.,SK Robousy,-- : -- (PK:0:0),"Nové Město, UMT",,nezahájen delegace,2026-10-17,12:00:00,739906,2026-10-17 12:00:00,MFK Nové Město n. M. - SK Robousy,False,MFK Nové Město n. M.,V,KP mladšího dorostu U 17,Ml. dorost,Ml_dorost,3,
17.10.2026 12:00,TJ SOKOL MALŠOVA LHOTA,FC Vrchlabí,-- : -- (PK:0:0),Malšova Lhota,,nezahájen delegace,2026-10-17,12:00:00,739906,2026-10-17 12:00:00,TJ SOKOL MALŠOVA LHOTA - FC Vrchlabí,False,TJ SOKOL MALŠOVA LHOTA,V,KP mladšího dorostu U 17,Ml. dorost,Ml_dorost,3,
17.10.2026 13:00,FK Chlumec n. C.,Vysoká/Nový HK,-- : -- (PK:0:0),Převýšov,,nezahájen delegace,2026-10-17,13:00:00,739906,2026-10-17 13:00:00,FK Chlumec n. C. - Vysoká/Nový HK,False,FK Chlumec n. C.,V,KP mladšího dorostu U 17,Ml. dorost,Ml_dorost,3,
17.10.2026 13:00,Jičín/Železnice,SK Lázně Bělohrad,-- : -- (PK:0:0),"Jičín, UMT",,nezahájen delegace,2026-10-17,13:00:00,739906,2026-10-17 13:00:00,Jičín/Železnice - SK Lázně Bělohrad,False,Jičín/Železnice,V,KP mladšího dorostu U 17,Ml. dorost,Ml_dorost,3,
25.10.2026 10:30,Kostelec/Častolovice,MFK Nové Město n. M.,-- : -- (PK:0:0),Častolovice,,nezahájen delegace,2026-10-25,10:30:00,739914,2026-10-25 10:30:00,Kostelec/Častolovice - MFK Nové Město n. M.,False,Kostelec/Častolovice,V,KP mladšího dorostu U 17,Ml. dorost,Ml_dorost,3,
25.10.2026 11:30,Černíkovice/Solnice,TJ Velké Poříčí,-- : -- (PK:0:0),Solnice,,nezahájen delegace,2026-10-25,11:30:00,739914,2026-10-25 11:30:00,Černíkovice/Solnice - TJ Velké Poříčí,False,Černíkovice/Solnice,V,KP mladšího dorostu U 17,Ml. dorost,Ml_dorost,3,
25.10.2026 10:00,SK Robousy,Dobruška/Opočno,-- : -- (PK:0:0),Robousy,,nezahájen delegace,2026-10-25,10:00:00,739914,2026-10-25 10:00:00,SK Robousy - Dobruška/Opočno,False,SK Robousy,V,KP mladšího dorostu U 17,Ml. dorost,Ml_dorost,3,
25.10.2026 10:15,Vysoká/Nový HK,Sokol Lhota pod Libčany,-- : -- (PK:0:0),Vysoká,,nezahájen delegace,2026-10-25,10:15:00,739914,2026-10-25 10:15:00,Vysoká/Nový HK - Sokol Lhota pod Libčany,False,Vysoká/Nový HK,V,KP mladšího dorostu U 17,Ml. dorost,Ml_dorost,3,
25.10.2026 12:00,FC Vrchlabí,FC Slavia Hradec Králové B,-- : -- (PK:0:0),"Vrchlabí, UMT",,nezahájen delegace,2026-10-25,12:00:00,739914,2026-10-25 12:00:00,FC Vrchlabí - FC Slavia Hradec Králové B,False,FC Vrchlabí,V,KP mladšího dorostu U 17,Ml. dorost,Ml_dorost,3,
25.10.2026 14:00,Dvůr Králové/Bílá Třemešná,TJ Jiskra Hořice,-- : -- (PK:0:0),Bílá Třemešná,,nezahájen delegace,2026-10-25,14:00:00,739914,2026-10-25 14:00:00,Dvůr Králové/Bílá Třemešná - TJ Jiskra Hořice,True,TJ Jiskra Hořice,D,KP mladšího dorostu U 17,Ml. dorost,Ml_dorost,3,
24.10.2026 11:00,TJ Sokol Stěžery,TJ SOKOL MALŠOVA LHOTA,-- : -- (PK:0:0),Stěžery,,nezahájen delegace,2026-10-24,11:00:00,739913,2026-10-24 11:00:00,TJ Sokol Stěžery - TJ SOKOL MALŠOVA LHOTA,False,TJ Sokol Stěžery,V,KP mladšího dorostu U 17,Ml. dorost,Ml_dorost,3,
24.10.2026 10:00,SK Týniště n. O.,FK Chlumec n. C.,-- : -- (PK:0:0),Týniště - Olšina,,nezahájen delegace,2026-10-24,10:00:00,739913,2026-10-24 10:00:00,SK Týniště n. O. - FK Chlumec n. C.,False,SK Týniště n. O.,V,KP mladšího dorostu U 17,Ml. dorost,Ml_dorost,3,
24.10.2026 11:30,SK Lázně Bělohrad,FC Spartak Rychnov n. Kn.,-- : -- (PK:0:0),Lázně Bělohrad,,nezahájen delegace,2026-10-24,11:30:00,739913,2026-10-24 11:30:00,SK Lázně Bělohrad - FC Spartak Rychnov n. Kn.,False,SK Lázně Bělohrad,V,KP mladšího dorostu U 17,Ml. dorost,Ml_dorost,3,
24.10.2026 11:15,SK Smiřice,TJ Sokol Třebeš,-- : -- (PK:0:0),Smiřice,,nezahájen delegace,2026-10-24,11:15:00,739913,2026-10-24 11:15:00,SK Smiřice - TJ Sokol Třebeš,False,SK Smiřice,V,KP mladšího dorostu U 17,Ml. dorost,Ml_dorost,3,
24.10.2026 12:00,Žacléř/Mladé Buky,SK Česká Skalice,-- : -- (PK:0:0),Žacléř,,nezahájen delegace,2026-10-24,12:00:00,739913,2026-10-24 12:00:00,Žacléř/Mladé Buky - SK Česká Skalice,False,Žacléř/Mladé Buky,V,KP mladšího dorostu U 17,Ml. dorost,Ml_dorost,3,
24.10.2026 14:30,Spartak Police n. M.,Jičín/Železnice,-- : -- (PK:0:0),Police,,nezahájen delegace,2026-10-24,14:30:00,739913,2026-10-24 14:30:00,Spartak Police n. M. - Jičín/Železnice,False,Spartak Police n. M.,V,KP mladšího dorostu U 17,Ml. dorost,Ml_dorost,3,
01.11.2026 11:30,Sokol Lhota pod Libčany,SK Týniště n. O.,-- : -- (PK:0:0),Lhota pod Libčany,,nezahájen delegace,2026-11-01,11:30:00,739921,2026-11-01 11:30:00,Sokol Lhota pod Libčany - SK Týniště n. O.,False,Sokol Lhota pod Libčany,V,KP mladšího dorostu U 17,Ml. dorost,Ml_dorost,3,
01.11.2026 10:00,TJ Sokol Třebeš,Vysoká/Nový HK,-- : -- (PK:0:0),Třebeš,,nezahájen delegace,2026-11-01,10:00:00,739921,2026-11-01 10:00:00,TJ Sokol Třebeš - Vysoká/Nový HK,False,TJ Sokol Třebeš,V,KP mladšího dorostu U 17,Ml. dorost,Ml_dorost,3,
01.11.2026 10:30,SK Česká Skalice,Dvůr Králové/Bílá Třemešná,-- : -- (PK:0:0),Česká Skalice,,nezahájen delegace,2026-11-01,10:30:00,739921,2026-11-01 10:30:00,SK Česká Skalice - Dvůr Králové/Bílá Třemešná,True,SK Česká Skalice,V,KP mladšího dorostu U 17,Ml. dorost,Ml_dorost,3,
31.10.2026 09:30,FC Spartak Rychnov n. Kn.,Spartak Police n. M.,-- : -- (PK:0:0),"Rychnov, UMT",,nezahájen delegace,2026-10-31,09:30:00,739920,2026-10-31 09:30:00,FC Spartak Rychnov n. Kn. - Spartak Police n. M.,False,FC Spartak Rychnov n. Kn.,V,KP mladšího dorostu U 17,Ml. dorost,Ml_dorost,3,
31.10.2026 12:30,Dobruška/Opočno,Kostelec/Častolovice,-- : -- (PK:0:0),Dobruška,,nezahájen delegace,2026-10-31,12:30:00,739920,2026-10-31 12:30:00,Dobruška/Opočno - Kostelec/Častolovice,False,Dobruška/Opočno,V,KP mladšího dorostu U 17,Ml. dorost,Ml_dorost,3,
31.10.2026 10:00,MFK Nové Město n. M.,Žacléř/Mladé Buky,-- : -- (PK:0:0),"Nové Město, UMT",,nezahájen delegace,2026-10-31,10:00:00,739920,2026-10-31 10:00:00,MFK Nové Město n. M. - Žacléř/Mladé Buky,False,MFK Nové Město n. M.,V,KP mladšího dorostu U 17,Ml. dorost,Ml_dorost,3,
31.10.2026 10:00,TJ Sokol Stěžery,FC Vrchlabí,-- : -- (PK:0:0),Stěžery,,nezahájen delegace,2026-10-31,10:00:00,739920,2026-10-31 10:00:00,TJ Sokol Stěžery - FC Vrchlabí,False,TJ Sokol Stěžery,V,KP mladšího dorostu U 17,Ml. dorost,Ml_dorost,3,
31.10.2026 10:30,TJ Velké Poříčí,SK Robousy,-- : -- (PK:0:0),Velké Poříčí,,nezahájen delegace,2026-10-31,10:30:00,739920,2026-10-31 10:30:00,TJ Velké Poříčí - SK Robousy,False,TJ Velké Poříčí,V,KP mladšího dorostu U 17,Ml. dorost,Ml_dorost,3,
31.10.2026 12:00,FK Chlumec n. C.,SK Lázně Bělohrad,-- : -- (PK:0:0),Chlumec,,nezahájen delegace,2026-10-31,12:00:00,739920,2026-10-31 12:00:00,FK Chlumec n. C. - SK Lázně Bělohrad,False,FK Chlumec n. C.,V,KP mladšího dorostu U 17,Ml. dorost,Ml_dorost,3,
31.10.2026 12:00,Jičín/Železnice,Černíkovice/Solnice,-- : -- (PK:0:0),"Jičín, UMT",,nezahájen delegace,2026-10-31,12:00:00,739920,2026-10-31 12:00:00,Jičín/Železnice - Černíkovice/Solnice,False,Jičín/Železnice,V,KP mladšího dorostu U 17,Ml. dorost,Ml_dorost,3,
31.10.2026 14:00,TJ Jiskra Hořice,FC Slavia Hradec Králové B,-- : -- (PK:0:0),Hořice,,nezahájen delegace,2026-10-31,14:00:00,739920,2026-10-31 14:00:00,TJ Jiskra Hořice - FC Slavia Hradec Králové B,False,TJ Jiskra Hořice,V,KP mladšího dorostu U 17,Ml. dorost,Ml_dorost,3,
28.10.2026 14:30,TJ SOKOL MALŠOVA LHOTA,SK Smiřice,-- : -- (PK:0:0),Malšova Lhota,,nezahájen delegace,2026-10-28,14:30:00,739917,2026-10-28 14:30:00,TJ SOKOL MALŠOVA LHOTA - SK Smiřice,False,TJ SOKOL MALŠOVA LHOTA,V,KP mladšího dorostu U 17,Ml. dorost,Ml_dorost,3,
08.11.2026 10:00,SK Robousy,Jičín/Železnice,-- : -- (PK:0:0),Robousy,,nezahájen delegace,2026-11-08,10:00:00,739928,2026-11-08 10:00:00,SK Robousy - Jičín/Železnice,False,SK Robousy,V,KP mladšího dorostu U 17,Ml. dorost,Ml_dorost,3,
08.11.2026 10:00,FC Slavia Hradec Králové B,SK Česká Skalice,-- : -- (PK:0:0),FC Olympia HK - Kukleny,,nezahájen delegace,2026-11-08,10:00:00,739928,2026-11-08 10:00:00,FC Slavia Hradec Králové B - SK Česká Skalice,False,FC Slavia Hradec Králové B,V,KP mladšího dorostu U 17,Ml. dorost,Ml_dorost,3,
08.11.2026 10:15,Vysoká/Nový HK,TJ SOKOL MALŠOVA LHOTA,-- : -- (PK:0:0),Nový HK,,nezahájen delegace,2026-11-08,10:15:00,739928,2026-11-08 10:15:00,Vysoká/Nový HK - TJ SOKOL MALŠOVA LHOTA,False,Vysoká/Nový HK,V,KP mladšího dorostu U 17,Ml. dorost,Ml_dorost,3,
08.11.2026 10:30,Žacléř/Mladé Buky,Dobruška/Opočno,-- : -- (PK:0:0),Žacléř,,nezahájen delegace,2026-11-08,10:30:00,739928,2026-11-08 10:30:00,Žacléř/Mladé Buky - Dobruška/Opočno,False,Žacléř/Mladé Buky,V,KP mladšího dorostu U 17,Ml. dorost,Ml_dorost,3,
07.11.2026 11:00,SK Lázně Bělohrad,Sokol Lhota pod Libčany,-- : -- (PK:0:0),Lázně Bělohrad,,nezahájen delegace,2026-11-07,11:00:00,739927,2026-11-07 11:00:00,SK Lázně Bělohrad - Sokol Lhota pod Libčany,False,SK Lázně Bělohrad,V,KP mladšího dorostu U 17,Ml. dorost,Ml_dorost,3,
07.11.2026 10:30,Kostelec/Častolovice,TJ Velké Poříčí,-- : -- (PK:0:0),Častolovice,,nezahájen delegace,2026-11-07,10:30:00,739927,2026-11-07 10:30:00,Kostelec/Častolovice - TJ Velké Poříčí,False,Kostelec/Častolovice,V,KP mladšího dorostu U 17,Ml. dorost,Ml_dorost,3,
07.11.2026 10:00,Dvůr Králové/Bílá Třemešná,MFK Nové Město n. M.,-- : -- (PK:0:0),Bílá Třemešná,,nezahájen delegace,2026-11-07,10:00:00,739927,2026-11-07 10:00:00,Dvůr Králové/Bílá Třemešná - MFK Nové Město n. M.,True,MFK Nové Město n. M.,D,KP mladšího dorostu U 17,Ml. dorost,Ml_dorost,3,
07.11.2026 10:00,SK Týniště n. O.,TJ Sokol Třebeš,-- : -- (PK:0:0),Týniště - Olšina,,nezahájen delegace,2026-11-07,10:00:00,739927,2026-11-07 10:00:00,SK Týniště n. O. - TJ Sokol Třebeš,False,SK Týniště n. O.,V,KP mladšího dorostu U 17,Ml. dorost,Ml_dorost,3,
07.11.2026 13:00,SK Smiřice,TJ Sokol Stěžery,-- : -- (PK:0:0),Smiřice,,nezahájen delegace,2026-11-07,13:00:00,739927,2026-11-07 13:00:00,SK Smiřice - TJ Sokol Stěžery,False,SK Smiřice,V,KP mladšího dorostu U 17,Ml. dorost,Ml_dorost,3,
07.11.2026 13:00,Černíkovice/Solnice,FC Spartak Rychnov n. Kn.,-- : -- (PK:0:0),Černíkovice,,nezahájen delegace,2026-11-07,13:00:00,739927,2026-11-07 13:00:00,Černíkovice/Solnice - FC Spartak Rychnov n. Kn.,False,Černíkovice/Solnice,V,KP mladšího dorostu U 17,Ml. dorost,Ml_dorost,3,
07.11.2026 12:00,Spartak Police n. M.,FK Chlumec n. C.,-- : -- (PK:0:0),"Police, UMT",,nezahájen delegace,2026-11-07,12:00:00,739927,2026-11-07 12:00:00,Spartak Police n. M. - FK Chlumec n. C.,False,Spartak Police n. M.,V,KP mladšího dorostu U 17,Ml. dorost,Ml_dorost,3,
07.11.2026 11:30,FC Vrchlabí,TJ Jiskra Hořice,-- : -- (PK:0:0),"Vrchlabí, UMT",,nezahájen delegace,2026-11-07,11:30:00,739927,2026-11-07 11:30:00,FC Vrchlabí - TJ Jiskra Hořice,False,FC Vrchlabí,V,KP mladšího dorostu U 17,Ml. dorost,Ml_dorost,3,
15.11.2026 10:30,TJ Sokol Stěžery,Vysoká/Nový HK,-- : -- (PK:0:0),Stěžery,,nezahájen delegace,2026-11-15,10:30:00,739935,2026-11-15 10:30:00,TJ Sokol Stěžery - Vysoká/Nový HK,False,TJ Sokol Stěžery,V,KP mladšího dorostu U 17,Ml. dorost,Ml_dorost,3,
15.11.2026 10:30,SK Česká Skalice,TJ Jiskra Hořice,-- : -- (PK:0:0),Česká Skalice,,nezahájen delegace,2026-11-15,10:30:00,739935,2026-11-15 10:30:00,SK Česká Skalice - TJ Jiskra Hořice,False,SK Česká Skalice,V,KP mladšího dorostu U 17,Ml. dorost,Ml_dorost,3,
15.11.2026 10:00,TJ Sokol Třebeš,SK Lázně Bělohrad,-- : -- (PK:0:0),"Slavia HK, UMT",,nezahájen delegace,2026-11-15,10:00:00,739935,2026-11-15 10:00:00,TJ Sokol Třebeš - SK Lázně Bělohrad,False,TJ Sokol Třebeš,V,KP mladšího dorostu U 17,Ml. dorost,Ml_dorost,3,
15.11.2026 09:30,FC Spartak Rychnov n. Kn.,SK Robousy,-- : -- (PK:0:0),"Rychnov, UMT",,nezahájen delegace,2026-11-15,09:30:00,739935,2026-11-15 09:30:00,FC Spartak Rychnov n. Kn. - SK Robousy,False,FC Spartak Rychnov n. Kn.,V,KP mladšího dorostu U 17,Ml. dorost,Ml_dorost,3,
15.11.2026 12:30,Dobruška/Opočno,Dvůr Králové/Bílá Třemešná,-- : -- (PK:0:0),Dobruška,,nezahájen delegace,2026-11-15,12:30:00,739935,2026-11-15 12:30:00,Dobruška/Opočno - Dvůr Králové/Bílá Třemešná,True,Dobruška/Opočno,V,KP mladšího dorostu U 17,Ml. dorost,Ml_dorost,3,
15.11.2026 11:30,Sokol Lhota pod Libčany,Spartak Police n. M.,-- : -- (PK:0:0),Lhota pod Libčany,,nezahájen delegace,2026-11-15,11:30:00,739935,2026-11-15 11:30:00,Sokol Lhota pod Libčany - Spartak Police n. M.,False,Sokol Lhota pod Libčany,V,KP mladšího dorostu U 17,Ml. dorost,Ml_dorost,3,
15.11.2026 13:00,FK Chlumec n. C.,Černíkovice/Solnice,-- : -- (PK:0:0),Převýšov,,nezahájen delegace,2026-11-15,13:00:00,739935,2026-11-15 13:00:00,FK Chlumec n. C. - Černíkovice/Solnice,False,FK Chlumec n. C.,V,KP mladšího dorostu U 17,Ml. dorost,Ml_dorost,3,
14.11.2026 10:00,SK Smiřice,FC Vrchlabí,-- : -- (PK:0:0),Smiřice,,nezahájen delegace,2026-11-14,10:00:00,739934,2026-11-14 10:00:00,SK Smiřice - FC Vrchlabí,False,SK Smiřice,V,KP mladšího dorostu U 17,Ml. dorost,Ml_dorost,3,
14.11.2026 13:00,Jičín/Železnice,Kostelec/Častolovice,-- : -- (PK:0:0),"Jičín, UMT",,nezahájen delegace,2026-11-14,13:00:00,739934,2026-11-14 13:00:00,Jičín/Železnice - Kostelec/Častolovice,False,Jičín/Železnice,V,KP mladšího dorostu U 17,Ml. dorost,Ml_dorost,3,
14.11.2026 10:30,MFK Nové Město n. M.,FC Slavia Hradec Králové B,-- : -- (PK:0:0),"Nové Město, UMT",,nezahájen delegace,2026-11-14,10:30:00,739934,2026-11-14 10:30:00,MFK Nové Město n. M. - FC Slavia Hradec Králové B,False,MFK Nové Město n. M.,V,KP mladšího dorostu U 17,Ml. dorost,Ml_dorost,3,
14.11.2026 10:30,TJ Velké Poříčí,Žacléř/Mladé Buky,-- : -- (PK:0:0),Velké Poříčí,,nezahájen delegace,2026-11-14,10:30:00,739934,2026-11-14 10:30:00,TJ Velké Poříčí - Žacléř/Mladé Buky,False,TJ Velké Poříčí,V,KP mladšího dorostu U 17,Ml. dorost,Ml_dorost,3,
14.11.2026 14:15,TJ SOKOL MALŠOVA LHOTA,SK Týniště n. O.,-- : -- (PK:0:0),Malšova Lhota,,nezahájen delegace,2026-11-14,14:15:00,739934,2026-11-14 14:15:00,TJ SOKOL MALŠOVA LHOTA - SK Týniště n. O.,False,TJ SOKOL MALŠOVA LHOTA,V,KP mladšího dorostu U 17,Ml. dorost,Ml_dorost,3,
02.09.2026 18:30,TJ Lánov,TJ Rudník,-- : -- (PK:0:0),Lánov,", Původní termín: 23.08.2026 11:00",nezahájen delegace,2026-09-02,18:30:00,739861,2026-09-02 18:30:00,TJ Lánov - TJ Rudník,False,TJ Lánov,V,OP mladších žáků,Ml. žáci,Ml_zaci,6, Původní termín: 23.08.2026 11:00
02.09.2026 17:30,TJ Lánov,TJ Rudník,-- : -- (PK:0:0),Lánov,"/ , Původní termín: 23.08.2026 10:00",nezahájen delegace,2026-09-02,17:30:00,739861,2026-09-02 17:30:00,TJ Lánov - TJ Rudník,False,TJ Lánov,V,OP mladších žáků,Ml. žáci,Ml_zaci,6,  Původní termín: 23.08.2026 10:00
26.08.2026 17:30,TJ Spartak Pilníkov,Hostinné/Vítězná,-- : -- (PK:0:0),Pilníkov,", Původní termín: 22.08.2026 12:45, Původní termín: 19.08.2026 17:30",nezahájen delegace,2026-08-26,17:30:00,739854,2026-08-26 17:30:00,TJ Spartak Pilníkov - Hostinné/Vítězná,False,TJ Spartak Pilníkov,V,OP mladších žáků,Ml. žáci,Ml_zaci,6, Původní termín: 22.08.2026 12:45 Původní termín: 19.08.2026 17:30
26.08.2026 16:30,TJ Spartak Pilníkov,Hostinné/Vítězná,-- : -- (PK:0:0),Pilníkov,", Původní termín: 22.08.2026 11:45, Původní termín: 19.08.2026 16:30",nezahájen delegace,2026-08-26,16:30:00,739854,2026-08-26 16:30:00,TJ Spartak Pilníkov - Hostinné/Vítězná,False,TJ Spartak Pilníkov,V,OP mladších žáků,Ml. žáci,Ml_zaci,6, Původní termín: 22.08.2026 11:45 Původní termín: 19.08.2026 16:30
23.08.2026 11:00,FC Mladé Buky B,Fotbalový klub Mostek,2 : 8 (PK:0:0),M.Buky,,zápis uzavřen delegace,2026-08-23,11:00:00,739851,2026-08-23 11:00:00,FC Mladé Buky B - Fotbalový klub Mostek,False,FC Mladé Buky B,V,OP mladších žáků,Ml. žáci,Ml_zaci,6,
23.08.2026 11:00,Sportovní klub MFC Svoboda,TJ Jiskra Kocbeře,1 : 1 (PK:4:2),Svoboda,,zápis uzavřen delegace,2026-08-23,11:00:00,739851,2026-08-23 11:00:00,Sportovní klub MFC Svoboda - TJ Jiskra Kocbeře,False,Sportovní klub MFC Svoboda,V,OP mladších žáků,Ml. žáci,Ml_zaci,6,
23.08.2026 10:00,Sportovní klub MFC Svoboda,TJ Jiskra Kocbeře,1 : 0 (PK:0:0),Svoboda,,zápis uzavřen delegace,2026-08-23,10:00:00,739851,2026-08-23 10:00:00,Sportovní klub MFC Svoboda - TJ Jiskra Kocbeře,False,Sportovní klub MFC Svoboda,V,OP mladších žáků,Ml. žáci,Ml_zaci,6,
23.08.2026 10:00,FC Mladé Buky B,Fotbalový klub Mostek,1 : 7 (PK:0:0),M.Buky,,zápis uzavřen delegace,2026-08-23,10:00:00,739851,2026-08-23 10:00:00,FC Mladé Buky B - Fotbalový klub Mostek,False,FC Mladé Buky B,V,OP mladších žáků,Ml. žáci,Ml_zaci,6,
22.08.2026 11:00,Podhůří/Vrchlabí B,FK Baník Radvanice v Č.,9 : 2 (PK:0:0),Podhůří,,zápis uzavřen delegace,2026-08-22,11:00:00,739850,2026-08-22 11:00:00,Podhůří/Vrchlabí B - FK Baník Radvanice v Č.,False,Podhůří/Vrchlabí B,V,OP mladších žáků,Ml. žáci,Ml_zaci,6,
22.08.2026 11:00,SK Spartak Hajnice,TJ SOKOL Bílá Třemešná,6 : 1 (PK:0:0),Hajnice,,zápis uzavřen delegace,2026-08-22,11:00:00,739850,2026-08-22 11:00:00,SK Spartak Hajnice - TJ SOKOL Bílá Třemešná,True,SK Spartak Hajnice,V,OP mladších žáků,Ml. žáci,Ml_zaci,6,
22.08.2026 10:00,SK Spartak Hajnice,TJ SOKOL Bílá Třemešná,2 : 1 (PK:0:0),Hajnice,,zápis uzavřen delegace,2026-08-22,10:00:00,739850,2026-08-22 10:00:00,SK Spartak Hajnice - TJ SOKOL Bílá Třemešná,True,SK Spartak Hajnice,V,OP mladších žáků,Ml. žáci,Ml_zaci,6,
22.08.2026 10:00,Podhůří/Vrchlabí B,FK Baník Radvanice v Č.,9 : 1 (PK:0:0),Podhůří,,zápis uzavřen delegace,2026-08-22,10:00:00,739850,2026-08-22 10:00:00,Podhůří/Vrchlabí B - FK Baník Radvanice v Č.,False,Podhůří/Vrchlabí B,V,OP mladších žáků,Ml. žáci,Ml_zaci,6,
30.08.2026 11:00,FK Baník Radvanice v Č.,FC Mladé Buky B,-- : -- (PK:0:0),Radvanice,,nezahájen delegace,2026-08-30,11:00:00,739858,2026-08-30 11:00:00,FK Baník Radvanice v Č. - FC Mladé Buky B,False,FK Baník Radvanice v Č.,V,OP mladších žáků,Ml. žáci,Ml_zaci,6,
30.08.2026 11:30,TJ Lánov,SK Spartak Hajnice,-- : -- (PK:0:0),Lánov,,nezahájen delegace,2026-08-30,11:30:00,739858,2026-08-30 11:30:00,TJ Lánov - SK Spartak Hajnice,False,TJ Lánov,V,OP mladších žáků,Ml. žáci,Ml_zaci,6,
30.08.2026 12:00,TJ Rudník,Sportovní klub MFC Svoboda,-- : -- (PK:0:0),Rudník,,nezahájen delegace,2026-08-30,12:00:00,739858,2026-08-30 12:00:00,TJ Rudník - Sportovní klub MFC Svoboda,False,TJ Rudník,V,OP mladších žáků,Ml. žáci,Ml_zaci,6,
30.08.2026 11:00,TJ Rudník,Sportovní klub MFC Svoboda,-- : -- (PK:0:0),Rudník,,nezahájen delegace,2026-08-30,11:00:00,739858,2026-08-30 11:00:00,TJ Rudník - Sportovní klub MFC Svoboda,False,TJ Rudník,V,OP mladších žáků,Ml. žáci,Ml_zaci,6,
30.08.2026 12:30,TJ Lánov,SK Spartak Hajnice,-- : -- (PK:0:0),Lánov,,nezahájen delegace,2026-08-30,12:30:00,739858,2026-08-30 12:30:00,TJ Lánov - SK Spartak Hajnice,False,TJ Lánov,V,OP mladších žáků,Ml. žáci,Ml_zaci,6,
29.08.2026 10:00,Fotbalový klub Mostek,TJ Jiskra Kocbeře,-- : -- (PK:0:0),Mostek,,nezahájen delegace,2026-08-29,10:00:00,739857,2026-08-29 10:00:00,Fotbalový klub Mostek - TJ Jiskra Kocbeře,False,Fotbalový klub Mostek,V,OP mladších žáků,Ml. žáci,Ml_zaci,6,
29.08.2026 10:00,FK Baník Radvanice v Č.,FC Mladé Buky B,-- : -- (PK:0:0),Radvanice,"/ , Původní termín: 30.08.2026 10:00",nezahájen delegace,2026-08-29,10:00:00,739857,2026-08-29 10:00:00,FK Baník Radvanice v Č. - FC Mladé Buky B,False,FK Baník Radvanice v Č.,V,OP mladších žáků,Ml. žáci,Ml_zaci,6,  Původní termín: 30.08.2026 10:00
29.08.2026 10:00,TJ SOKOL Bílá Třemešná,TJ Spartak Pilníkov,-- : -- (PK:0:0),B.Třemešná,,nezahájen delegace,2026-08-29,10:00:00,739857,2026-08-29 10:00:00,TJ SOKOL Bílá Třemešná - TJ Spartak Pilníkov,True,TJ Spartak Pilníkov,D,OP mladších žáků,Ml. žáci,Ml_zaci,6,
29.08.2026 11:00,Fotbalový klub Mostek,TJ Jiskra Kocbeře,-- : -- (PK:0:0),Mostek,,nezahájen delegace,2026-08-29,11:00:00,739857,2026-08-29 11:00:00,Fotbalový klub Mostek - TJ Jiskra Kocbeře,False,Fotbalový klub Mostek,V,OP mladších žáků,Ml. žáci,Ml_zaci,6,
29.08.2026 15:00,Hostinné/Vítězná,Podhůří/Vrchlabí B,-- : -- (PK:0:0),Hostinné,,nezahájen delegace,2026-08-29,15:00:00,739857,2026-08-29 15:00:00,Hostinné/Vítězná - Podhůří/Vrchlabí B,False,Hostinné/Vítězná,V,OP mladších žáků,Ml. žáci,Ml_zaci,6,
29.08.2026 11:00,TJ SOKOL Bílá Třemešná,TJ Spartak Pilníkov,-- : -- (PK:0:0),B.Třemešná,,nezahájen delegace,2026-08-29,11:00:00,739857,2026-08-29 11:00:00,TJ SOKOL Bílá Třemešná - TJ Spartak Pilníkov,True,TJ Spartak Pilníkov,D,OP mladších žáků,Ml. žáci,Ml_zaci,6,
29.08.2026 14:00,Hostinné/Vítězná,Podhůří/Vrchlabí B,-- : -- (PK:0:0),Hostinné,,nezahájen delegace,2026-08-29,14:00:00,739857,2026-08-29 14:00:00,Hostinné/Vítězná - Podhůří/Vrchlabí B,False,Hostinné/Vítězná,V,OP mladších žáků,Ml. žáci,Ml_zaci,6,
06.09.2026 11:00,Sportovní klub MFC Svoboda,Fotbalový klub Mostek,-- : -- (PK:0:0),Svoboda,,nezahájen delegace,2026-09-06,11:00:00,739865,2026-09-06 11:00:00,Sportovní klub MFC Svoboda - Fotbalový klub Mostek,False,Sportovní klub MFC Svoboda,V,OP mladších žáků,Ml. žáci,Ml_zaci,6,
06.09.2026 11:00,FC Mladé Buky B,Hostinné/Vítězná,-- : -- (PK:0:0),M.Buky,,nezahájen delegace,2026-09-06,11:00:00,739865,2026-09-06 11:00:00,FC Mladé Buky B - Hostinné/Vítězná,False,FC Mladé Buky B,V,OP mladších žáků,Ml. žáci,Ml_zaci,6,
06.09.2026 10:00,FC Mladé Buky B,Hostinné/Vítězná,-- : -- (PK:0:0),M.Buky,,nezahájen delegace,2026-09-06,10:00:00,739865,2026-09-06 10:00:00,FC Mladé Buky B - Hostinné/Vítězná,False,FC Mladé Buky B,V,OP mladších žáků,Ml. žáci,Ml_zaci,6,
06.09.2026 10:00,Sportovní klub MFC Svoboda,Fotbalový klub Mostek,-- : -- (PK:0:0),Svoboda,,nezahájen delegace,2026-09-06,10:00:00,739865,2026-09-06 10:00:00,Sportovní klub MFC Svoboda - Fotbalový klub Mostek,False,Sportovní klub MFC Svoboda,V,OP mladších žáků,Ml. žáci,Ml_zaci,6,
06.09.2026 14:00,FK Baník Radvanice v Č.,TJ Jiskra Kocbeře,-- : -- (PK:0:0),Radvanice,,nezahájen delegace,2026-09-06,14:00:00,739865,2026-09-06 14:00:00,FK Baník Radvanice v Č. - TJ Jiskra Kocbeře,False,FK Baník Radvanice v Č.,V,OP mladších žáků,Ml. žáci,Ml_zaci,6,
06.09.2026 15:00,FK Baník Radvanice v Č.,TJ Jiskra Kocbeře,-- : -- (PK:0:0),Radvanice,,nezahájen delegace,2026-09-06,15:00:00,739865,2026-09-06 15:00:00,FK Baník Radvanice v Č. - TJ Jiskra Kocbeře,False,FK Baník Radvanice v Č.,V,OP mladších žáků,Ml. žáci,Ml_zaci,6,
05.09.2026 10:00,SK Spartak Hajnice,TJ Rudník,-- : -- (PK:0:0),Hajnice,,nezahájen delegace,2026-09-05,10:00:00,739864,2026-09-05 10:00:00,SK Spartak Hajnice - TJ Rudník,False,SK Spartak Hajnice,V,OP mladších žáků,Ml. žáci,Ml_zaci,6,
05.09.2026 10:00,Podhůří/Vrchlabí B,TJ SOKOL Bílá Třemešná,-- : -- (PK:0:0),Podhůří,,nezahájen delegace,2026-09-05,10:00:00,739864,2026-09-05 10:00:00,Podhůří/Vrchlabí B - TJ SOKOL Bílá Třemešná,True,Podhůří/Vrchlabí B,V,OP mladších žáků,Ml. žáci,Ml_zaci,6,
05.09.2026 11:00,Podhůří/Vrchlabí B,TJ SOKOL Bílá Třemešná,-- : -- (PK:0:0),Podhůří,,nezahájen delegace,2026-09-05,11:00:00,739864,2026-09-05 11:00:00,Podhůří/Vrchlabí B - TJ SOKOL Bílá Třemešná,True,Podhůří/Vrchlabí B,V,OP mladších žáků,Ml. žáci,Ml_zaci,6,
05.09.2026 11:00,SK Spartak Hajnice,TJ Rudník,-- : -- (PK:0:0),Hajnice,,nezahájen delegace,2026-09-05,11:00:00,739864,2026-09-05 11:00:00,SK Spartak Hajnice - TJ Rudník,False,SK Spartak Hajnice,V,OP mladších žáků,Ml. žáci,Ml_zaci,6,
05.09.2026 11:45,TJ Spartak Pilníkov,TJ Lánov,-- : -- (PK:0:0),Pilníkov,,nezahájen delegace,2026-09-05,11:45:00,739864,2026-09-05 11:45:00,TJ Spartak Pilníkov - TJ Lánov,False,TJ Spartak Pilníkov,V,OP mladších žáků,Ml. žáci,Ml_zaci,6,
05.09.2026 12:45,TJ Spartak Pilníkov,TJ Lánov,-- : -- (PK:0:0),Pilníkov,,nezahájen delegace,2026-09-05,12:45:00,739864,2026-09-05 12:45:00,TJ Spartak Pilníkov - TJ Lánov,False,TJ Spartak Pilníkov,V,OP mladších žáků,Ml. žáci,Ml_zaci,6,
09.09.2026 17:00,TJ Lánov,Hostinné/Vítězná,-- : -- (PK:0:0),Lánov,,nezahájen delegace,2026-09-09,17:00:00,739868,2026-09-09 17:00:00,TJ Lánov - Hostinné/Vítězná,False,TJ Lánov,V,OP mladších žáků,Ml. žáci,Ml_zaci,6,
09.09.2026 17:00,Podhůří/Vrchlabí B,Sportovní klub MFC Svoboda,-- : -- (PK:0:0),Podhůří,,nezahájen delegace,2026-09-09,17:00:00,739868,2026-09-09 17:00:00,Podhůří/Vrchlabí B - Sportovní klub MFC Svoboda,False,Podhůří/Vrchlabí B,V,OP mladších žáků,Ml. žáci,Ml_zaci,6,
09.09.2026 17:00,SK Spartak Hajnice,FK Baník Radvanice v Č.,-- : -- (PK:0:0),Hajnice,,nezahájen delegace,2026-09-09,17:00:00,739868,2026-09-09 17:00:00,SK Spartak Hajnice - FK Baník Radvanice v Č.,False,SK Spartak Hajnice,V,OP mladších žáků,Ml. žáci,Ml_zaci,6,
09.09.2026 17:00,TJ Spartak Pilníkov,Fotbalový klub Mostek,-- : -- (PK:0:0),Pilníkov,,nezahájen delegace,2026-09-09,17:00:00,739868,2026-09-09 17:00:00,TJ Spartak Pilníkov - Fotbalový klub Mostek,False,TJ Spartak Pilníkov,V,OP mladších žáků,Ml. žáci,Ml_zaci,6,
09.09.2026 17:00,TJ SOKOL Bílá Třemešná,TJ Rudník,-- : -- (PK:0:0),B.Třemešná,,nezahájen delegace,2026-09-09,17:00:00,739868,2026-09-09 17:00:00,TJ SOKOL Bílá Třemešná - TJ Rudník,True,TJ Rudník,D,OP mladších žáků,Ml. žáci,Ml_zaci,6,
09.09.2026 17:00,TJ Jiskra Kocbeře,FC Mladé Buky B,-- : -- (PK:0:0),Kocbeře,,nezahájen delegace,2026-09-09,17:00:00,739868,2026-09-09 17:00:00,TJ Jiskra Kocbeře - FC Mladé Buky B,False,TJ Jiskra Kocbeře,V,OP mladších žáků,Ml. žáci,Ml_zaci,6,
09.09.2026 18:00,TJ Jiskra Kocbeře,FC Mladé Buky B,-- : -- (PK:0:0),Kocbeře,,nezahájen delegace,2026-09-09,18:00:00,739868,2026-09-09 18:00:00,TJ Jiskra Kocbeře - FC Mladé Buky B,False,TJ Jiskra Kocbeře,V,OP mladších žáků,Ml. žáci,Ml_zaci,6,
09.09.2026 18:00,SK Spartak Hajnice,FK Baník Radvanice v Č.,-- : -- (PK:0:0),Hajnice,,nezahájen delegace,2026-09-09,18:00:00,739868,2026-09-09 18:00:00,SK Spartak Hajnice - FK Baník Radvanice v Č.,False,SK Spartak Hajnice,V,OP mladších žáků,Ml. žáci,Ml_zaci,6,
09.09.2026 18:00,TJ Spartak Pilníkov,Fotbalový klub Mostek,-- : -- (PK:0:0),Pilníkov,,nezahájen delegace,2026-09-09,18:00:00,739868,2026-09-09 18:00:00,TJ Spartak Pilníkov - Fotbalový klub Mostek,False,TJ Spartak Pilníkov,V,OP mladších žáků,Ml. žáci,Ml_zaci,6,
09.09.2026 18:00,Podhůří/Vrchlabí B,Sportovní klub MFC Svoboda,-- : -- (PK:0:0),Podhůří,,nezahájen delegace,2026-09-09,18:00:00,739868,2026-09-09 18:00:00,Podhůří/Vrchlabí B - Sportovní klub MFC Svoboda,False,Podhůří/Vrchlabí B,V,OP mladších žáků,Ml. žáci,Ml_zaci,6,
09.09.2026 18:00,TJ SOKOL Bílá Třemešná,TJ Rudník,-- : -- (PK:0:0),B.Třemešná,,nezahájen delegace,2026-09-09,18:00:00,739868,2026-09-09 18:00:00,TJ SOKOL Bílá Třemešná - TJ Rudník,True,TJ Rudník,D,OP mladších žáků,Ml. žáci,Ml_zaci,6,
09.09.2026 18:00,TJ Lánov,Hostinné/Vítězná,-- : -- (PK:0:0),Lánov,,nezahájen delegace,2026-09-09,18:00:00,739868,2026-09-09 18:00:00,TJ Lánov - Hostinné/Vítězná,False,TJ Lánov,V,OP mladších žáků,Ml. žáci,Ml_zaci,6,
13.09.2026 11:00,Hostinné/Vítězná,TJ Jiskra Kocbeře,-- : -- (PK:0:0),Vítězná,,nezahájen delegace,2026-09-13,11:00:00,739872,2026-09-13 11:00:00,Hostinné/Vítězná - TJ Jiskra Kocbeře,False,Hostinné/Vítězná,V,OP mladších žáků,Ml. žáci,Ml_zaci,6,
13.09.2026 10:00,Hostinné/Vítězná,TJ Jiskra Kocbeře,-- : -- (PK:0:0),Vítězná,,nezahájen delegace,2026-09-13,10:00:00,739872,2026-09-13 10:00:00,Hostinné/Vítězná - TJ Jiskra Kocbeře,False,Hostinné/Vítězná,V,OP mladších žáků,Ml. žáci,Ml_zaci,6,
13.09.2026 10:00,FK Baník Radvanice v Č.,Sportovní klub MFC Svoboda,-- : -- (PK:0:0),Radvanice,,nezahájen delegace,2026-09-13,10:00:00,739872,2026-09-13 10:00:00,FK Baník Radvanice v Č. - Sportovní klub MFC Svoboda,False,FK Baník Radvanice v Č.,V,OP mladších žáků,Ml. žáci,Ml_zaci,6,
13.09.2026 10:00,TJ Lánov,Podhůří/Vrchlabí B,-- : -- (PK:0:0),Lánov,,nezahájen delegace,2026-09-13,10:00:00,739872,2026-09-13 10:00:00,TJ Lánov - Podhůří/Vrchlabí B,False,TJ Lánov,V,OP mladších žáků,Ml. žáci,Ml_zaci,6,
13.09.2026 11:00,FK Baník Radvanice v Č.,Sportovní klub MFC Svoboda,-- : -- (PK:0:0),Radvanice,,nezahájen delegace,2026-09-13,11:00:00,739872,2026-09-13 11:00:00,FK Baník Radvanice v Č. - Sportovní klub MFC Svoboda,False,FK Baník Radvanice v Č.,V,OP mladších žáků,Ml. žáci,Ml_zaci,6,
13.09.2026 11:00,TJ Lánov,Podhůří/Vrchlabí B,-- : -- (PK:0:0),Lánov,,nezahájen delegace,2026-09-13,11:00:00,739872,2026-09-13 11:00:00,TJ Lánov - Podhůří/Vrchlabí B,False,TJ Lánov,V,OP mladších žáků,Ml. žáci,Ml_zaci,6,
13.09.2026 11:00,TJ Rudník,Fotbalový klub Mostek,-- : -- (PK:0:0),Rudník,,nezahájen delegace,2026-09-13,11:00:00,739872,2026-09-13 11:00:00,TJ Rudník - Fotbalový klub Mostek,False,TJ Rudník,V,OP mladších žáků,Ml. žáci,Ml_zaci,6,
13.09.2026 12:00,TJ Rudník,Fotbalový klub Mostek,-- : -- (PK:0:0),Rudník,,nezahájen delegace,2026-09-13,12:00:00,739872,2026-09-13 12:00:00,TJ Rudník - Fotbalový klub Mostek,False,TJ Rudník,V,OP mladších žáků,Ml. žáci,Ml_zaci,6,
12.09.2026 11:00,TJ SOKOL Bílá Třemešná,FC Mladé Buky B,-- : -- (PK:0:0),B.Třemešná,,nezahájen delegace,2026-09-12,11:00:00,739871,2026-09-12 11:00:00,TJ SOKOL Bílá Třemešná - FC Mladé Buky B,True,FC Mladé Buky B,D,OP mladších žáků,Ml. žáci,Ml_zaci,6,
12.09.2026 11:00,SK Spartak Hajnice,TJ Spartak Pilníkov,-- : -- (PK:0:0),Hajnice,,nezahájen delegace,2026-09-12,11:00:00,739871,2026-09-12 11:00:00,SK Spartak Hajnice - TJ Spartak Pilníkov,False,SK Spartak Hajnice,V,OP mladších žáků,Ml. žáci,Ml_zaci,6,
12.09.2026 10:00,SK Spartak Hajnice,TJ Spartak Pilníkov,-- : -- (PK:0:0),Hajnice,,nezahájen delegace,2026-09-12,10:00:00,739871,2026-09-12 10:00:00,SK Spartak Hajnice - TJ Spartak Pilníkov,False,SK Spartak Hajnice,V,OP mladších žáků,Ml. žáci,Ml_zaci,6,
12.09.2026 10:00,TJ SOKOL Bílá Třemešná,FC Mladé Buky B,-- : -- (PK:0:0),B.Třemešná,,nezahájen delegace,2026-09-12,10:00:00,739871,2026-09-12 10:00:00,TJ SOKOL Bílá Třemešná - FC Mladé Buky B,True,FC Mladé Buky B,D,OP mladších žáků,Ml. žáci,Ml_zaci,6,
23.09.2026 16:45,TJ Rudník,TJ Jiskra Kocbeře,-- : -- (PK:0:0),Rudník,,nezahájen delegace,2026-09-23,16:45:00,739882,2026-09-23 16:45:00,TJ Rudník - TJ Jiskra Kocbeře,False,TJ Rudník,V,OP mladších žáků,Ml. žáci,Ml_zaci,6,
23.09.2026 16:45,Sportovní klub MFC Svoboda,FC Mladé Buky B,-- : -- (PK:0:0),Svoboda,,nezahájen delegace,2026-09-23,16:45:00,739882,2026-09-23 16:45:00,Sportovní klub MFC Svoboda - FC Mladé Buky B,False,Sportovní klub MFC Svoboda,V,OP mladších žáků,Ml. žáci,Ml_zaci,6,
23.09.2026 16:45,FK Baník Radvanice v Č.,TJ Spartak Pilníkov,-- : -- (PK:0:0),Radvanice,,nezahájen delegace,2026-09-23,16:45:00,739882,2026-09-23 16:45:00,FK Baník Radvanice v Č. - TJ Spartak Pilníkov,False,FK Baník Radvanice v Č.,V,OP mladších žáků,Ml. žáci,Ml_zaci,6,
23.09.2026 16:45,TJ Lánov,TJ SOKOL Bílá Třemešná,-- : -- (PK:0:0),Lánov,,nezahájen delegace,2026-09-23,16:45:00,739882,2026-09-23 16:45:00,TJ Lánov - TJ SOKOL Bílá Třemešná,True,TJ Lánov,V,OP mladších žáků,Ml. žáci,Ml_zaci,6,
23.09.2026 16:45,Fotbalový klub Mostek,Podhůří/Vrchlabí B,-- : -- (PK:0:0),Mostek,,nezahájen delegace,2026-09-23,16:45:00,739882,2026-09-23 16:45:00,Fotbalový klub Mostek - Podhůří/Vrchlabí B,False,Fotbalový klub Mostek,V,OP mladších žáků,Ml. žáci,Ml_zaci,6,
23.09.2026 16:45,Hostinné/Vítězná,SK Spartak Hajnice,-- : -- (PK:0:0),Vítězná,,nezahájen delegace,2026-09-23,16:45:00,739882,2026-09-23 16:45:00,Hostinné/Vítězná - SK Spartak Hajnice,False,Hostinné/Vítězná,V,OP mladších žáků,Ml. žáci,Ml_zaci,6,
23.09.2026 17:45,Hostinné/Vítězná,SK Spartak Hajnice,-- : -- (PK:0:0),Vítězná,,nezahájen delegace,2026-09-23,17:45:00,739882,2026-09-23 17:45:00,Hostinné/Vítězná - SK Spartak Hajnice,False,Hostinné/Vítězná,V,OP mladších žáků,Ml. žáci,Ml_zaci,6,
23.09.2026 17:45,Sportovní klub MFC Svoboda,FC Mladé Buky B,-- : -- (PK:0:0),Svoboda,,nezahájen delegace,2026-09-23,17:45:00,739882,2026-09-23 17:45:00,Sportovní klub MFC Svoboda - FC Mladé Buky B,False,Sportovní klub MFC Svoboda,V,OP mladších žáků,Ml. žáci,Ml_zaci,6,
23.09.2026 17:45,Fotbalový klub Mostek,Podhůří/Vrchlabí B,-- : -- (PK:0:0),Mostek,,nezahájen delegace,2026-09-23,17:45:00,739882,2026-09-23 17:45:00,Fotbalový klub Mostek - Podhůří/Vrchlabí B,False,Fotbalový klub Mostek,V,OP mladších žáků,Ml. žáci,Ml_zaci,6,
23.09.2026 17:45,TJ Lánov,TJ SOKOL Bílá Třemešná,-- : -- (PK:0:0),Lánov,,nezahájen delegace,2026-09-23,17:45:00,739882,2026-09-23 17:45:00,TJ Lánov - TJ SOKOL Bílá Třemešná,True,TJ Lánov,V,OP mladších žáků,Ml. žáci,Ml_zaci,6,
23.09.2026 17:45,FK Baník Radvanice v Č.,TJ Spartak Pilníkov,-- : -- (PK:0:0),Radvanice,,nezahájen delegace,2026-09-23,17:45:00,739882,2026-09-23 17:45:00,FK Baník Radvanice v Č. - TJ Spartak Pilníkov,False,FK Baník Radvanice v Č.,V,OP mladších žáků,Ml. žáci,Ml_zaci,6,
23.09.2026 17:45,TJ Rudník,TJ Jiskra Kocbeře,-- : -- (PK:0:0),Rudník,,nezahájen delegace,2026-09-23,17:45:00,739882,2026-09-23 17:45:00,TJ Rudník - TJ Jiskra Kocbeře,False,TJ Rudník,V,OP mladších žáků,Ml. žáci,Ml_zaci,6,
27.09.2026 11:00,TJ Lánov,TJ Jiskra Kocbeře,-- : -- (PK:0:0),Lánov,,nezahájen delegace,2026-09-27,11:00:00,739886,2026-09-27 11:00:00,TJ Lánov - TJ Jiskra Kocbeře,False,TJ Lánov,V,OP mladších žáků,Ml. žáci,Ml_zaci,6,
27.09.2026 11:00,SK Spartak Hajnice,FC Mladé Buky B,-- : -- (PK:0:0),Hajnice,,nezahájen delegace,2026-09-27,11:00:00,739886,2026-09-27 11:00:00,SK Spartak Hajnice - FC Mladé Buky B,False,SK Spartak Hajnice,V,OP mladších žáků,Ml. žáci,Ml_zaci,6,
27.09.2026 10:00,SK Spartak Hajnice,FC Mladé Buky B,-- : -- (PK:0:0),Hajnice,,nezahájen delegace,2026-09-27,10:00:00,739886,2026-09-27 10:00:00,SK Spartak Hajnice - FC Mladé Buky B,False,SK Spartak Hajnice,V,OP mladších žáků,Ml. žáci,Ml_zaci,6,
27.09.2026 10:00,TJ Lánov,TJ Jiskra Kocbeře,-- : -- (PK:0:0),Lánov,,nezahájen delegace,2026-09-27,10:00:00,739886,2026-09-27 10:00:00,TJ Lánov - TJ Jiskra Kocbeře,False,TJ Lánov,V,OP mladších žáků,Ml. žáci,Ml_zaci,6,
27.09.2026 11:00,TJ Rudník,FK Baník Radvanice v Č.,-- : -- (PK:0:0),Rudník,,nezahájen delegace,2026-09-27,11:00:00,739886,2026-09-27 11:00:00,TJ Rudník - FK Baník Radvanice v Č.,False,TJ Rudník,V,OP mladších žáků,Ml. žáci,Ml_zaci,6,
27.09.2026 12:00,TJ Rudník,FK Baník Radvanice v Č.,-- : -- (PK:0:0),Rudník,,nezahájen delegace,2026-09-27,12:00:00,739886,2026-09-27 12:00:00,TJ Rudník - FK Baník Radvanice v Č.,False,TJ Rudník,V,OP mladších žáků,Ml. žáci,Ml_zaci,6,
26.09.2026 11:00,TJ SOKOL Bílá Třemešná,Sportovní klub MFC Svoboda,-- : -- (PK:0:0),B.Třemešná,,nezahájen delegace,2026-09-26,11:00:00,739885,2026-09-26 11:00:00,TJ SOKOL Bílá Třemešná - Sportovní klub MFC Svoboda,True,Sportovní klub MFC Svoboda,D,OP mladších žáků,Ml. žáci,Ml_zaci,6,
26.09.2026 10:00,TJ SOKOL Bílá Třemešná,Sportovní klub MFC Svoboda,-- : -- (PK:0:0),B.Třemešná,,nezahájen delegace,2026-09-26,10:00:00,739885,2026-09-26 10:00:00,TJ SOKOL Bílá Třemešná - Sportovní klub MFC Svoboda,True,Sportovní klub MFC Svoboda,D,OP mladších žáků,Ml. žáci,Ml_zaci,6,
26.09.2026 12:30,TJ Spartak Pilníkov,Podhůří/Vrchlabí B,-- : -- (PK:0:0),Pilníkov,,nezahájen delegace,2026-09-26,12:30:00,739885,2026-09-26 12:30:00,TJ Spartak Pilníkov - Podhůří/Vrchlabí B,False,TJ Spartak Pilníkov,V,OP mladších žáků,Ml. žáci,Ml_zaci,6,
26.09.2026 11:30,TJ Spartak Pilníkov,Podhůří/Vrchlabí B,-- : -- (PK:0:0),Pilníkov,,nezahájen delegace,2026-09-26,11:30:00,739885,2026-09-26 11:30:00,TJ Spartak Pilníkov - Podhůří/Vrchlabí B,False,TJ Spartak Pilníkov,V,OP mladších žáků,Ml. žáci,Ml_zaci,6,
26.09.2026 13:30,Hostinné/Vítězná,Fotbalový klub Mostek,-- : -- (PK:0:0),Hostinné,,nezahájen delegace,2026-09-26,13:30:00,739885,2026-09-26 13:30:00,Hostinné/Vítězná - Fotbalový klub Mostek,False,Hostinné/Vítězná,V,OP mladších žáků,Ml. žáci,Ml_zaci,6,
26.09.2026 14:30,Hostinné/Vítězná,Fotbalový klub Mostek,-- : -- (PK:0:0),Hostinné,,nezahájen delegace,2026-09-26,14:30:00,739885,2026-09-26 14:30:00,Hostinné/Vítězná - Fotbalový klub Mostek,False,Hostinné/Vítězná,V,OP mladších žáků,Ml. žáci,Ml_zaci,6,
04.10.2026 10:00,Fotbalový klub Mostek,TJ SOKOL Bílá Třemešná,-- : -- (PK:0:0),Mostek,,nezahájen delegace,2026-10-04,10:00:00,739893,2026-10-04 10:00:00,Fotbalový klub Mostek - TJ SOKOL Bílá Třemešná,True,Fotbalový klub Mostek,V,OP mladších žáků,Ml. žáci,Ml_zaci,6,
04.10.2026 11:00,Fotbalový klub Mostek,TJ SOKOL Bílá Třemešná,-- : -- (PK:0:0),Mostek,,nezahájen delegace,2026-10-04,11:00:00,739893,2026-10-04 11:00:00,Fotbalový klub Mostek - TJ SOKOL Bílá Třemešná,True,Fotbalový klub Mostek,V,OP mladších žáků,Ml. žáci,Ml_zaci,6,
04.10.2026 13:00,FK Baník Radvanice v Č.,Hostinné/Vítězná,-- : -- (PK:0:0),Radvanice,,nezahájen delegace,2026-10-04,13:00:00,739893,2026-10-04 13:00:00,FK Baník Radvanice v Č. - Hostinné/Vítězná,False,FK Baník Radvanice v Č.,V,OP mladších žáků,Ml. žáci,Ml_zaci,6,
04.10.2026 14:00,FK Baník Radvanice v Č.,Hostinné/Vítězná,-- : -- (PK:0:0),Radvanice,,nezahájen delegace,2026-10-04,14:00:00,739893,2026-10-04 14:00:00,FK Baník Radvanice v Č. - Hostinné/Vítězná,False,FK Baník Radvanice v Č.,V,OP mladších žáků,Ml. žáci,Ml_zaci,6,
03.10.2026 11:00,Podhůří/Vrchlabí B,TJ Rudník,-- : -- (PK:0:0),Podhůří,,nezahájen delegace,2026-10-03,11:00:00,739892,2026-10-03 11:00:00,Podhůří/Vrchlabí B - TJ Rudník,False,Podhůří/Vrchlabí B,V,OP mladších žáků,Ml. žáci,Ml_zaci,6,
03.10.2026 10:00,Sportovní klub MFC Svoboda,TJ Lánov,-- : -- (PK:0:0),Svoboda,,nezahájen delegace,2026-10-03,10:00:00,739892,2026-10-03 10:00:00,Sportovní klub MFC Svoboda - TJ Lánov,False,Sportovní klub MFC Svoboda,V,OP mladších žáků,Ml. žáci,Ml_zaci,6,
03.10.2026 10:00,Podhůří/Vrchlabí B,TJ Rudník,-- : -- (PK:0:0),Podhůří,,nezahájen delegace,2026-10-03,10:00:00,739892,2026-10-03 10:00:00,Podhůří/Vrchlabí B - TJ Rudník,False,Podhůří/Vrchlabí B,V,OP mladších žáků,Ml. žáci,Ml_zaci,6,
03.10.2026 10:00,TJ Jiskra Kocbeře,SK Spartak Hajnice,-- : -- (PK:0:0),Kocbeře,,nezahájen delegace,2026-10-03,10:00:00,739892,2026-10-03 10:00:00,TJ Jiskra Kocbeře - SK Spartak Hajnice,False,TJ Jiskra Kocbeře,V,OP mladších žáků,Ml. žáci,Ml_zaci,6,
03.10.2026 13:00,FC Mladé Buky B,TJ Spartak Pilníkov,-- : -- (PK:0:0),M.Buky,,nezahájen delegace,2026-10-03,13:00:00,739892,2026-10-03 13:00:00,FC Mladé Buky B - TJ Spartak Pilníkov,False,FC Mladé Buky B,V,OP mladších žáků,Ml. žáci,Ml_zaci,6,
03.10.2026 12:00,FC Mladé Buky B,TJ Spartak Pilníkov,-- : -- (PK:0:0),M.Buky,,nezahájen delegace,2026-10-03,12:00:00,739892,2026-10-03 12:00:00,FC Mladé Buky B - TJ Spartak Pilníkov,False,FC Mladé Buky B,V,OP mladších žáků,Ml. žáci,Ml_zaci,6,
03.10.2026 11:00,Sportovní klub MFC Svoboda,TJ Lánov,-- : -- (PK:0:0),Svoboda,,nezahájen delegace,2026-10-03,11:00:00,739892,2026-10-03 11:00:00,Sportovní klub MFC Svoboda - TJ Lánov,False,Sportovní klub MFC Svoboda,V,OP mladších žáků,Ml. žáci,Ml_zaci,6,
03.10.2026 11:00,TJ Jiskra Kocbeře,SK Spartak Hajnice,-- : -- (PK:0:0),Kocbeře,,nezahájen delegace,2026-10-03,11:00:00,739892,2026-10-03 11:00:00,TJ Jiskra Kocbeře - SK Spartak Hajnice,False,TJ Jiskra Kocbeře,V,OP mladších žáků,Ml. žáci,Ml_zaci,6,
11.10.2026 11:00,TJ Lánov,Fotbalový klub Mostek,-- : -- (PK:0:0),Lánov,,nezahájen delegace,2026-10-11,11:00:00,739900,2026-10-11 11:00:00,TJ Lánov - Fotbalový klub Mostek,False,TJ Lánov,V,OP mladších žáků,Ml. žáci,Ml_zaci,6,
11.10.2026 11:00,SK Spartak Hajnice,Sportovní klub MFC Svoboda,-- : -- (PK:0:0),Hajnice,,nezahájen delegace,2026-10-11,11:00:00,739900,2026-10-11 11:00:00,SK Spartak Hajnice - Sportovní klub MFC Svoboda,False,SK Spartak Hajnice,V,OP mladších žáků,Ml. žáci,Ml_zaci,6,
11.10.2026 10:00,SK Spartak Hajnice,Sportovní klub MFC Svoboda,-- : -- (PK:0:0),Hajnice,,nezahájen delegace,2026-10-11,10:00:00,739900,2026-10-11 10:00:00,SK Spartak Hajnice - Sportovní klub MFC Svoboda,False,SK Spartak Hajnice,V,OP mladších žáků,Ml. žáci,Ml_zaci,6,
11.10.2026 10:00,TJ Lánov,Fotbalový klub Mostek,-- : -- (PK:0:0),Lánov,,nezahájen delegace,2026-10-11,10:00:00,739900,2026-10-11 10:00:00,TJ Lánov - Fotbalový klub Mostek,False,TJ Lánov,V,OP mladších žáků,Ml. žáci,Ml_zaci,6,
11.10.2026 11:00,TJ Rudník,Hostinné/Vítězná,-- : -- (PK:0:0),Rudník,,nezahájen delegace,2026-10-11,11:00:00,739900,2026-10-11 11:00:00,TJ Rudník - Hostinné/Vítězná,False,TJ Rudník,V,OP mladších žáků,Ml. žáci,Ml_zaci,6,
11.10.2026 12:00,TJ Rudník,Hostinné/Vítězná,-- : -- (PK:0:0),Rudník,,nezahájen delegace,2026-10-11,12:00:00,739900,2026-10-11 12:00:00,TJ Rudník - Hostinné/Vítězná,False,TJ Rudník,V,OP mladších žáků,Ml. žáci,Ml_zaci,6,
10.10.2026 10:00,Podhůří/Vrchlabí B,FC Mladé Buky B,-- : -- (PK:0:0),Podhůří,,nezahájen delegace,2026-10-10,10:00:00,739899,2026-10-10 10:00:00,Podhůří/Vrchlabí B - FC Mladé Buky B,False,Podhůří/Vrchlabí B,V,OP mladších žáků,Ml. žáci,Ml_zaci,6,
10.10.2026 10:00,TJ SOKOL Bílá Třemešná,FK Baník Radvanice v Č.,-- : -- (PK:0:0),B.Třemešná,,nezahájen delegace,2026-10-10,10:00:00,739899,2026-10-10 10:00:00,TJ SOKOL Bílá Třemešná - FK Baník Radvanice v Č.,True,FK Baník Radvanice v Č.,D,OP mladších žáků,Ml. žáci,Ml_zaci,6,
10.10.2026 11:00,TJ SOKOL Bílá Třemešná,FK Baník Radvanice v Č.,-- : -- (PK:0:0),B.Třemešná,,nezahájen delegace,2026-10-10,11:00:00,739899,2026-10-10 11:00:00,TJ SOKOL Bílá Třemešná - FK Baník Radvanice v Č.,True,FK Baník Radvanice v Č.,D,OP mladších žáků,Ml. žáci,Ml_zaci,6,
10.10.2026 11:00,Podhůří/Vrchlabí B,FC Mladé Buky B,-- : -- (PK:0:0),Podhůří,,nezahájen delegace,2026-10-10,11:00:00,739899,2026-10-10 11:00:00,Podhůří/Vrchlabí B - FC Mladé Buky B,False,Podhůří/Vrchlabí B,V,OP mladších žáků,Ml. žáci,Ml_zaci,6,
10.10.2026 11:00,TJ Spartak Pilníkov,TJ Jiskra Kocbeře,-- : -- (PK:0:0),Pilníkov,,nezahájen delegace,2026-10-10,11:00:00,739899,2026-10-10 11:00:00,TJ Spartak Pilníkov - TJ Jiskra Kocbeře,False,TJ Spartak Pilníkov,V,OP mladších žáků,Ml. žáci,Ml_zaci,6,
10.10.2026 12:00,TJ Spartak Pilníkov,TJ Jiskra Kocbeře,-- : -- (PK:0:0),Pilníkov,,nezahájen delegace,2026-10-10,12:00:00,739899,2026-10-10 12:00:00,TJ Spartak Pilníkov - TJ Jiskra Kocbeře,False,TJ Spartak Pilníkov,V,OP mladších žáků,Ml. žáci,Ml_zaci,6,
18.10.2026 10:00,Fotbalový klub Mostek,SK Spartak Hajnice,-- : -- (PK:0:0),Mostek,,nezahájen delegace,2026-10-18,10:00:00,739907,2026-10-18 10:00:00,Fotbalový klub Mostek - SK Spartak Hajnice,False,Fotbalový klub Mostek,V,OP mladších žáků,Ml. žáci,Ml_zaci,6,
18.10.2026 11:00,Fotbalový klub Mostek,SK Spartak Hajnice,-- : -- (PK:0:0),Mostek,,nezahájen delegace,2026-10-18,11:00:00,739907,2026-10-18 11:00:00,Fotbalový klub Mostek - SK Spartak Hajnice,False,Fotbalový klub Mostek,V,OP mladších žáků,Ml. žáci,Ml_zaci,6,
18.10.2026 13:00,FK Baník Radvanice v Č.,TJ Lánov,-- : -- (PK:0:0),Radvanice,,nezahájen delegace,2026-10-18,13:00:00,739907,2026-10-18 13:00:00,FK Baník Radvanice v Č. - TJ Lánov,False,FK Baník Radvanice v Č.,V,OP mladších žáků,Ml. žáci,Ml_zaci,6,
18.10.2026 14:00,FK Baník Radvanice v Č.,TJ Lánov,-- : -- (PK:0:0),Radvanice,,nezahájen delegace,2026-10-18,14:00:00,739907,2026-10-18 14:00:00,FK Baník Radvanice v Č. - TJ Lánov,False,FK Baník Radvanice v Č.,V,OP mladších žáků,Ml. žáci,Ml_zaci,6,
17.10.2026 11:00,Sportovní klub MFC Svoboda,TJ Spartak Pilníkov,-- : -- (PK:0:0),Svoboda,,nezahájen delegace,2026-10-17,11:00:00,739906,2026-10-17 11:00:00,Sportovní klub MFC Svoboda - TJ Spartak Pilníkov,False,Sportovní klub MFC Svoboda,V,OP mladších žáků,Ml. žáci,Ml_zaci,6,
17.10.2026 11:00,FC Mladé Buky B,TJ Rudník,-- : -- (PK:0:0),M.Buky,,nezahájen delegace,2026-10-17,11:00:00,739906,2026-10-17 11:00:00,FC Mladé Buky B - TJ Rudník,False,FC Mladé Buky B,V,OP mladších žáků,Ml. žáci,Ml_zaci,6,
17.10.2026 10:00,FC Mladé Buky B,TJ Rudník,-- : -- (PK:0:0),M.Buky,,nezahájen delegace,2026-10-17,10:00:00,739906,2026-10-17 10:00:00,FC Mladé Buky B - TJ Rudník,False,FC Mladé Buky B,V,OP mladších žáků,Ml. žáci,Ml_zaci,6,
17.10.2026 10:00,Sportovní klub MFC Svoboda,TJ Spartak Pilníkov,-- : -- (PK:0:0),Svoboda,,nezahájen delegace,2026-10-17,10:00:00,739906,2026-10-17 10:00:00,Sportovní klub MFC Svoboda - TJ Spartak Pilníkov,False,Sportovní klub MFC Svoboda,V,OP mladších žáků,Ml. žáci,Ml_zaci,6,
17.10.2026 13:30,Hostinné/Vítězná,TJ SOKOL Bílá Třemešná,-- : -- (PK:0:0),Vítězná,,nezahájen delegace,2026-10-17,13:30:00,739906,2026-10-17 13:30:00,Hostinné/Vítězná - TJ SOKOL Bílá Třemešná,True,Hostinné/Vítězná,V,OP mladších žáků,Ml. žáci,Ml_zaci,6,
17.10.2026 13:00,TJ Jiskra Kocbeře,Podhůří/Vrchlabí B,-- : -- (PK:0:0),Kocbeře,,nezahájen delegace,2026-10-17,13:00:00,739906,2026-10-17 13:00:00,TJ Jiskra Kocbeře - Podhůří/Vrchlabí B,False,TJ Jiskra Kocbeře,V,OP mladších žáků,Ml. žáci,Ml_zaci,6,
17.10.2026 12:30,Hostinné/Vítězná,TJ SOKOL Bílá Třemešná,-- : -- (PK:0:0),Vítězná,,nezahájen delegace,2026-10-17,12:30:00,739906,2026-10-17 12:30:00,Hostinné/Vítězná - TJ SOKOL Bílá Třemešná,True,Hostinné/Vítězná,V,OP mladších žáků,Ml. žáci,Ml_zaci,6,
17.10.2026 12:00,TJ Jiskra Kocbeře,Podhůří/Vrchlabí B,-- : -- (PK:0:0),Kocbeře,,nezahájen delegace,2026-10-17,12:00:00,739906,2026-10-17 12:00:00,TJ Jiskra Kocbeře - Podhůří/Vrchlabí B,False,TJ Jiskra Kocbeře,V,OP mladších žáků,Ml. žáci,Ml_zaci,6,
25.10.2026 11:00,Sportovní klub MFC Svoboda,Podhůří/Vrchlabí B,-- : -- (PK:0:0),Svoboda,,nezahájen delegace,2026-10-25,11:00:00,739914,2026-10-25 11:00:00,Sportovní klub MFC Svoboda - Podhůří/Vrchlabí B,False,Sportovní klub MFC Svoboda,V,OP mladších žáků,Ml. žáci,Ml_zaci,6,
25.10.2026 11:00,FK Baník Radvanice v Č.,SK Spartak Hajnice,-- : -- (PK:0:0),Radvanice,,nezahájen delegace,2026-10-25,11:00:00,739914,2026-10-25 11:00:00,FK Baník Radvanice v Č. - SK Spartak Hajnice,False,FK Baník Radvanice v Č.,V,OP mladších žáků,Ml. žáci,Ml_zaci,6,
25.10.2026 10:00,FK Baník Radvanice v Č.,SK Spartak Hajnice,-- : -- (PK:0:0),Radvanice,,nezahájen delegace,2026-10-25,10:00:00,739914,2026-10-25 10:00:00,FK Baník Radvanice v Č. - SK Spartak Hajnice,False,FK Baník Radvanice v Č.,V,OP mladších žáků,Ml. žáci,Ml_zaci,6,
25.10.2026 10:00,Sportovní klub MFC Svoboda,Podhůří/Vrchlabí B,-- : -- (PK:0:0),Svoboda,,nezahájen delegace,2026-10-25,10:00:00,739914,2026-10-25 10:00:00,Sportovní klub MFC Svoboda - Podhůří/Vrchlabí B,False,Sportovní klub MFC Svoboda,V,OP mladších žáků,Ml. žáci,Ml_zaci,6,
25.10.2026 11:00,TJ Rudník,TJ SOKOL Bílá Třemešná,-- : -- (PK:0:0),Rudník,,nezahájen delegace,2026-10-25,11:00:00,739914,2026-10-25 11:00:00,TJ Rudník - TJ SOKOL Bílá Třemešná,True,TJ Rudník,V,OP mladších žáků,Ml. žáci,Ml_zaci,6,
25.10.2026 12:00,TJ Rudník,TJ SOKOL Bílá Třemešná,-- : -- (PK:0:0),Rudník,,nezahájen delegace,2026-10-25,12:00:00,739914,2026-10-25 12:00:00,TJ Rudník - TJ SOKOL Bílá Třemešná,True,TJ Rudník,V,OP mladších žáků,Ml. žáci,Ml_zaci,6,
25.10.2026 12:00,FC Mladé Buky B,TJ Jiskra Kocbeře,-- : -- (PK:0:0),M.Buky,,nezahájen delegace,2026-10-25,12:00:00,739914,2026-10-25 12:00:00,FC Mladé Buky B - TJ Jiskra Kocbeře,False,FC Mladé Buky B,V,OP mladších žáků,Ml. žáci,Ml_zaci,6,
25.10.2026 13:00,FC Mladé Buky B,TJ Jiskra Kocbeře,-- : -- (PK:0:0),M.Buky,,nezahájen delegace,2026-10-25,13:00:00,739914,2026-10-25 13:00:00,FC Mladé Buky B - TJ Jiskra Kocbeře,False,FC Mladé Buky B,V,OP mladších žáků,Ml. žáci,Ml_zaci,6,
24.10.2026 12:30,Hostinné/Vítězná,TJ Lánov,-- : -- (PK:0:0),Hostinné,,nezahájen delegace,2026-10-24,12:30:00,739913,2026-10-24 12:30:00,Hostinné/Vítězná - TJ Lánov,False,Hostinné/Vítězná,V,OP mladších žáků,Ml. žáci,Ml_zaci,6,
24.10.2026 11:30,Hostinné/Vítězná,TJ Lánov,-- : -- (PK:0:0),Hostinné,,nezahájen delegace,2026-10-24,11:30:00,739913,2026-10-24 11:30:00,Hostinné/Vítězná - TJ Lánov,False,Hostinné/Vítězná,V,OP mladších žáků,Ml. žáci,Ml_zaci,6,
24.10.2026 11:00,Fotbalový klub Mostek,TJ Spartak Pilníkov,-- : -- (PK:0:0),Mostek,,nezahájen delegace,2026-10-24,11:00:00,739913,2026-10-24 11:00:00,Fotbalový klub Mostek - TJ Spartak Pilníkov,False,Fotbalový klub Mostek,V,OP mladších žáků,Ml. žáci,Ml_zaci,6,
24.10.2026 10:00,Fotbalový klub Mostek,TJ Spartak Pilníkov,-- : -- (PK:0:0),Mostek,,nezahájen delegace,2026-10-24,10:00:00,739913,2026-10-24 10:00:00,Fotbalový klub Mostek - TJ Spartak Pilníkov,False,Fotbalový klub Mostek,V,OP mladších žáků,Ml. žáci,Ml_zaci,6,
28.10.2026 10:00,FC Mladé Buky B,TJ Lánov,-- : -- (PK:0:0),M.Buky,,nezahájen delegace,2026-10-28,10:00:00,739917,2026-10-28 10:00:00,FC Mladé Buky B - TJ Lánov,False,FC Mladé Buky B,V,OP mladších žáků,Ml. žáci,Ml_zaci,6,
28.10.2026 10:00,Podhůří/Vrchlabí B,SK Spartak Hajnice,-- : -- (PK:0:0),Podhůří,,nezahájen delegace,2026-10-28,10:00:00,739917,2026-10-28 10:00:00,Podhůří/Vrchlabí B - SK Spartak Hajnice,False,Podhůří/Vrchlabí B,V,OP mladších žáků,Ml. žáci,Ml_zaci,6,
28.10.2026 10:00,TJ Jiskra Kocbeře,TJ SOKOL Bílá Třemešná,-- : -- (PK:0:0),Kocbeře,,nezahájen delegace,2026-10-28,10:00:00,739917,2026-10-28 10:00:00,TJ Jiskra Kocbeře - TJ SOKOL Bílá Třemešná,True,TJ Jiskra Kocbeře,V,OP mladších žáků,Ml. žáci,Ml_zaci,6,
28.10.2026 10:00,TJ Spartak Pilníkov,TJ Rudník,-- : -- (PK:0:0),Pilníkov,,nezahájen delegace,2026-10-28,10:00:00,739917,2026-10-28 10:00:00,TJ Spartak Pilníkov - TJ Rudník,False,TJ Spartak Pilníkov,V,OP mladších žáků,Ml. žáci,Ml_zaci,6,
28.10.2026 11:00,TJ Jiskra Kocbeře,TJ SOKOL Bílá Třemešná,-- : -- (PK:0:0),Kocbeře,,nezahájen delegace,2026-10-28,11:00:00,739917,2026-10-28 11:00:00,TJ Jiskra Kocbeře - TJ SOKOL Bílá Třemešná,True,TJ Jiskra Kocbeře,V,OP mladších žáků,Ml. žáci,Ml_zaci,6,
28.10.2026 11:00,TJ Spartak Pilníkov,TJ Rudník,-- : -- (PK:0:0),Pilníkov,,nezahájen delegace,2026-10-28,11:00:00,739917,2026-10-28 11:00:00,TJ Spartak Pilníkov - TJ Rudník,False,TJ Spartak Pilníkov,V,OP mladších žáků,Ml. žáci,Ml_zaci,6,
28.10.2026 11:00,Podhůří/Vrchlabí B,SK Spartak Hajnice,-- : -- (PK:0:0),Podhůří,,nezahájen delegace,2026-10-28,11:00:00,739917,2026-10-28 11:00:00,Podhůří/Vrchlabí B - SK Spartak Hajnice,False,Podhůří/Vrchlabí B,V,OP mladších žáků,Ml. žáci,Ml_zaci,6,
28.10.2026 11:00,FC Mladé Buky B,TJ Lánov,-- : -- (PK:0:0),M.Buky,,nezahájen delegace,2026-10-28,11:00:00,739917,2026-10-28 11:00:00,FC Mladé Buky B - TJ Lánov,False,FC Mladé Buky B,V,OP mladších žáků,Ml. žáci,Ml_zaci,6,
28.10.2026 12:15,Fotbalový klub Mostek,FK Baník Radvanice v Č.,-- : -- (PK:0:0),Mostek,,nezahájen delegace,2026-10-28,12:15:00,739917,2026-10-28 12:15:00,Fotbalový klub Mostek - FK Baník Radvanice v Č.,False,Fotbalový klub Mostek,V,OP mladších žáků,Ml. žáci,Ml_zaci,6,
28.10.2026 12:15,Sportovní klub MFC Svoboda,Hostinné/Vítězná,-- : -- (PK:0:0),Svoboda,,nezahájen delegace,2026-10-28,12:15:00,739917,2026-10-28 12:15:00,Sportovní klub MFC Svoboda - Hostinné/Vítězná,False,Sportovní klub MFC Svoboda,V,OP mladších žáků,Ml. žáci,Ml_zaci,6,
28.10.2026 13:15,Sportovní klub MFC Svoboda,Hostinné/Vítězná,-- : -- (PK:0:0),Svoboda,,nezahájen delegace,2026-10-28,13:15:00,739917,2026-10-28 13:15:00,Sportovní klub MFC Svoboda - Hostinné/Vítězná,False,Sportovní klub MFC Svoboda,V,OP mladších žáků,Ml. žáci,Ml_zaci,6,
28.10.2026 13:15,Fotbalový klub Mostek,FK Baník Radvanice v Č.,-- : -- (PK:0:0),Mostek,,nezahájen delegace,2026-10-28,13:15:00,739917,2026-10-28 13:15:00,Fotbalový klub Mostek - FK Baník Radvanice v Č.,False,Fotbalový klub Mostek,V,OP mladších žáků,Ml. žáci,Ml_zaci,6,
01.11.2026 10:00,FC Mladé Buky B,Sportovní klub MFC Svoboda,-- : -- (PK:0:0),M.Buky,,nezahájen delegace,2026-11-01,10:00:00,739921,2026-11-01 10:00:00,FC Mladé Buky B - Sportovní klub MFC Svoboda,False,FC Mladé Buky B,V,OP mladších žáků,Ml. žáci,Ml_zaci,6,
01.11.2026 11:00,FC Mladé Buky B,Sportovní klub MFC Svoboda,-- : -- (PK:0:0),M.Buky,,nezahájen delegace,2026-11-01,11:00:00,739921,2026-11-01 11:00:00,FC Mladé Buky B - Sportovní klub MFC Svoboda,False,FC Mladé Buky B,V,OP mladších žáků,Ml. žáci,Ml_zaci,6,
01.11.2026 10:00,TJ SOKOL Bílá Třemešná,TJ Lánov,-- : -- (PK:0:0),B.Třemešná,,nezahájen delegace,2026-11-01,10:00:00,739921,2026-11-01 10:00:00,TJ SOKOL Bílá Třemešná - TJ Lánov,True,TJ Lánov,D,OP mladších žáků,Ml. žáci,Ml_zaci,6,
01.11.2026 10:00,SK Spartak Hajnice,Hostinné/Vítězná,-- : -- (PK:0:0),Hajnice,,nezahájen delegace,2026-11-01,10:00:00,739921,2026-11-01 10:00:00,SK Spartak Hajnice - Hostinné/Vítězná,False,SK Spartak Hajnice,V,OP mladších žáků,Ml. žáci,Ml_zaci,6,
01.11.2026 11:00,SK Spartak Hajnice,Hostinné/Vítězná,-- : -- (PK:0:0),Hajnice,,nezahájen delegace,2026-11-01,11:00:00,739921,2026-11-01 11:00:00,SK Spartak Hajnice - Hostinné/Vítězná,False,SK Spartak Hajnice,V,OP mladších žáků,Ml. žáci,Ml_zaci,6,
01.11.2026 11:00,TJ SOKOL Bílá Třemešná,TJ Lánov,-- : -- (PK:0:0),B.Třemešná,,nezahájen delegace,2026-11-01,11:00:00,739921,2026-11-01 11:00:00,TJ SOKOL Bílá Třemešná - TJ Lánov,True,TJ Lánov,D,OP mladších žáků,Ml. žáci,Ml_zaci,6,
31.10.2026 11:00,Podhůří/Vrchlabí B,Fotbalový klub Mostek,-- : -- (PK:0:0),Podhůří,,nezahájen delegace,2026-10-31,11:00:00,739920,2026-10-31 11:00:00,Podhůří/Vrchlabí B - Fotbalový klub Mostek,False,Podhůří/Vrchlabí B,V,OP mladších žáků,Ml. žáci,Ml_zaci,6,
31.10.2026 10:00,Podhůří/Vrchlabí B,Fotbalový klub Mostek,-- : -- (PK:0:0),Podhůří,,nezahájen delegace,2026-10-31,10:00:00,739920,2026-10-31 10:00:00,Podhůří/Vrchlabí B - Fotbalový klub Mostek,False,Podhůří/Vrchlabí B,V,OP mladších žáků,Ml. žáci,Ml_zaci,6,
31.10.2026 12:30,TJ Spartak Pilníkov,FK Baník Radvanice v Č.,-- : -- (PK:0:0),Pilníkov,,nezahájen delegace,2026-10-31,12:30:00,739920,2026-10-31 12:30:00,TJ Spartak Pilníkov - FK Baník Radvanice v Č.,False,TJ Spartak Pilníkov,V,OP mladších žáků,Ml. žáci,Ml_zaci,6,
31.10.2026 11:30,TJ Spartak Pilníkov,FK Baník Radvanice v Č.,-- : -- (PK:0:0),Pilníkov,,nezahájen delegace,2026-10-31,11:30:00,739920,2026-10-31 11:30:00,TJ Spartak Pilníkov - FK Baník Radvanice v Č.,False,TJ Spartak Pilníkov,V,OP mladších žáků,Ml. žáci,Ml_zaci,6,
31.10.2026 13:00,TJ Jiskra Kocbeře,TJ Rudník,-- : -- (PK:0:0),Kocbeře,,nezahájen delegace,2026-10-31,13:00:00,739920,2026-10-31 13:00:00,TJ Jiskra Kocbeře - TJ Rudník,False,TJ Jiskra Kocbeře,V,OP mladších žáků,Ml. žáci,Ml_zaci,6,
31.10.2026 14:00,TJ Jiskra Kocbeře,TJ Rudník,-- : -- (PK:0:0),Kocbeře,,nezahájen delegace,2026-10-31,14:00:00,739920,2026-10-31 14:00:00,TJ Jiskra Kocbeře - TJ Rudník,False,TJ Jiskra Kocbeře,V,OP mladších žáků,Ml. žáci,Ml_zaci,6,
30.08.2026 10:00,Fotbalový klub Mostek,FK Dolní Kalná,-- : -- (PK:0:0),Mostek,,nezahájen delegace,2026-08-30,10:00:00,739858,2026-08-30 10:00:00,Fotbalový klub Mostek - FK Dolní Kalná,False,Fotbalový klub Mostek,V,OP starší přípravky,St. přípravka,St_pripravka,7,
30.08.2026 10:00,TJ Jiskra Kocbeře,TJ Baník Žacléř,-- : -- (PK:0:0),Kocbeře,,nezahájen delegace,2026-08-30,10:00:00,739858,2026-08-30 10:00:00,TJ Jiskra Kocbeře - TJ Baník Žacléř,False,TJ Jiskra Kocbeře,V,OP starší přípravky,St. přípravka,St_pripravka,7,
30.08.2026 10:00,TJ SOKOL Bílá Třemešná,TJ Spartak Pilníkov,-- : -- (PK:0:0),B.Třemešná,,nezahájen delegace,2026-08-30,10:00:00,739858,2026-08-30 10:00:00,TJ SOKOL Bílá Třemešná - TJ Spartak Pilníkov,True,TJ Spartak Pilníkov,D,OP starší přípravky,St. přípravka,St_pripravka,7,
30.08.2026 09:00,TJ SOKOL Bílá Třemešná,TJ Spartak Pilníkov,-- : -- (PK:0:0),B.Třemešná,,nezahájen delegace,2026-08-30,09:00:00,739858,2026-08-30 09:00:00,TJ SOKOL Bílá Třemešná - TJ Spartak Pilníkov,True,TJ Spartak Pilníkov,D,OP starší přípravky,St. přípravka,St_pripravka,7,
30.08.2026 10:00,TJ Dvůr Králové nad Labem,TJ Lánov,-- : -- (PK:0:0),Dvůr,,nezahájen delegace,2026-08-30,10:00:00,739858,2026-08-30 10:00:00,TJ Dvůr Králové nad Labem - TJ Lánov,False,TJ Dvůr Králové nad Labem,V,OP starší přípravky,St. přípravka,St_pripravka,7,
30.08.2026 11:00,TJ Dvůr Králové nad Labem,TJ Lánov,-- : -- (PK:0:0),Dvůr,,nezahájen delegace,2026-08-30,11:00:00,739858,2026-08-30 11:00:00,TJ Dvůr Králové nad Labem - TJ Lánov,False,TJ Dvůr Králové nad Labem,V,OP starší přípravky,St. přípravka,St_pripravka,7,
30.08.2026 11:00,Fotbalový klub Mostek,FK Dolní Kalná,-- : -- (PK:0:0),Mostek,,nezahájen delegace,2026-08-30,11:00:00,739858,2026-08-30 11:00:00,Fotbalový klub Mostek - FK Dolní Kalná,False,Fotbalový klub Mostek,V,OP starší přípravky,St. přípravka,St_pripravka,7,
30.08.2026 11:00,TJ Jiskra Kocbeře,TJ Baník Žacléř,-- : -- (PK:0:0),Kocbeře,,nezahájen delegace,2026-08-30,11:00:00,739858,2026-08-30 11:00:00,TJ Jiskra Kocbeře - TJ Baník Žacléř,False,TJ Jiskra Kocbeře,V,OP starší přípravky,St. přípravka,St_pripravka,7,
29.08.2026 16:00,MFK Trutnov B,TJ Sokol Malé Svatoňovice,-- : -- (PK:0:0),H.S.M.,,nezahájen delegace,2026-08-29,16:00:00,739857,2026-08-29 16:00:00,MFK Trutnov B - TJ Sokol Malé Svatoňovice,False,MFK Trutnov B,V,OP starší přípravky,St. přípravka,St_pripravka,7,
29.08.2026 15:00,MFK Trutnov B,TJ Sokol Malé Svatoňovice,-- : -- (PK:0:0),H.S.M.,,nezahájen delegace,2026-08-29,15:00:00,739857,2026-08-29 15:00:00,MFK Trutnov B - TJ Sokol Malé Svatoňovice,False,MFK Trutnov B,V,OP starší přípravky,St. přípravka,St_pripravka,7,
29.08.2026 12:00,Hostinné/Vítězná,SK Sparta Úpice B,-- : -- (PK:0:0),Vítězná,,nezahájen delegace,2026-08-29,12:00:00,739857,2026-08-29 12:00:00,Hostinné/Vítězná - SK Sparta Úpice B,False,Hostinné/Vítězná,V,OP starší přípravky,St. přípravka,St_pripravka,7,
29.08.2026 11:00,Hostinné/Vítězná,SK Sparta Úpice B,-- : -- (PK:0:0),Vítězná,,nezahájen delegace,2026-08-29,11:00:00,739857,2026-08-29 11:00:00,Hostinné/Vítězná - SK Sparta Úpice B,False,Hostinné/Vítězná,V,OP starší přípravky,St. přípravka,St_pripravka,7,
06.09.2026 09:00,TJ Baník Žacléř,TJ Dvůr Králové nad Labem,-- : -- (PK:0:0),Žacléř,,nezahájen delegace,2026-09-06,09:00:00,739865,2026-09-06 09:00:00,TJ Baník Žacléř - TJ Dvůr Králové nad Labem,False,TJ Baník Žacléř,V,OP starší přípravky,St. přípravka,St_pripravka,7,
06.09.2026 09:00,SK Sparta Úpice B,TJ SOKOL Bílá Třemešná,-- : -- (PK:0:0),Úpice,,nezahájen delegace,2026-09-06,09:00:00,739865,2026-09-06 09:00:00,SK Sparta Úpice B - TJ SOKOL Bílá Třemešná,True,SK Sparta Úpice B,V,OP starší přípravky,St. přípravka,St_pripravka,7,
06.09.2026 10:00,SK Sparta Úpice B,TJ SOKOL Bílá Třemešná,-- : -- (PK:0:0),Úpice,,nezahájen delegace,2026-09-06,10:00:00,739865,2026-09-06 10:00:00,SK Sparta Úpice B - TJ SOKOL Bílá Třemešná,True,SK Sparta Úpice B,V,OP starší přípravky,St. přípravka,St_pripravka,7,
06.09.2026 09:30,TJ Sokol Malé Svatoňovice,Hostinné/Vítězná,-- : -- (PK:0:0),M.Svatoňovice,,nezahájen delegace,2026-09-06,09:30:00,739865,2026-09-06 09:30:00,TJ Sokol Malé Svatoňovice - Hostinné/Vítězná,False,TJ Sokol Malé Svatoňovice,V,OP starší přípravky,St. přípravka,St_pripravka,7,
06.09.2026 10:30,TJ Sokol Malé Svatoňovice,Hostinné/Vítězná,-- : -- (PK:0:0),M.Svatoňovice,,nezahájen delegace,2026-09-06,10:30:00,739865,2026-09-06 10:30:00,TJ Sokol Malé Svatoňovice - Hostinné/Vítězná,False,TJ Sokol Malé Svatoňovice,V,OP starší přípravky,St. přípravka,St_pripravka,7,
06.09.2026 11:00,TJ Lánov,Fotbalový klub Mostek,-- : -- (PK:0:0),Lánov,,nezahájen delegace,2026-09-06,11:00:00,739865,2026-09-06 11:00:00,TJ Lánov - Fotbalový klub Mostek,False,TJ Lánov,V,OP starší přípravky,St. přípravka,St_pripravka,7,
06.09.2026 10:00,TJ Baník Žacléř,TJ Dvůr Králové nad Labem,-- : -- (PK:0:0),Žacléř,,nezahájen delegace,2026-09-06,10:00:00,739865,2026-09-06 10:00:00,TJ Baník Žacléř - TJ Dvůr Králové nad Labem,False,TJ Baník Žacléř,V,OP starší přípravky,St. přípravka,St_pripravka,7,
06.09.2026 10:00,TJ Lánov,Fotbalový klub Mostek,-- : -- (PK:0:0),Lánov,,nezahájen delegace,2026-09-06,10:00:00,739865,2026-09-06 10:00:00,TJ Lánov - Fotbalový klub Mostek,False,TJ Lánov,V,OP starší přípravky,St. přípravka,St_pripravka,7,
06.09.2026 14:30,FK Dolní Kalná,MFK Trutnov B,-- : -- (PK:0:0),Dolní Kalná,,nezahájen delegace,2026-09-06,14:30:00,739865,2026-09-06 14:30:00,FK Dolní Kalná - MFK Trutnov B,False,FK Dolní Kalná,V,OP starší přípravky,St. přípravka,St_pripravka,7,
06.09.2026 15:30,FK Dolní Kalná,MFK Trutnov B,-- : -- (PK:0:0),Dolní Kalná,,nezahájen delegace,2026-09-06,15:30:00,739865,2026-09-06 15:30:00,FK Dolní Kalná - MFK Trutnov B,False,FK Dolní Kalná,V,OP starší přípravky,St. přípravka,St_pripravka,7,
05.09.2026 09:30,TJ Spartak Pilníkov,TJ Jiskra Kocbeře,-- : -- (PK:0:0),Pilníkov,,nezahájen delegace,2026-09-05,09:30:00,739864,2026-09-05 09:30:00,TJ Spartak Pilníkov - TJ Jiskra Kocbeře,False,TJ Spartak Pilníkov,V,OP starší přípravky,St. přípravka,St_pripravka,7,
05.09.2026 10:30,TJ Spartak Pilníkov,TJ Jiskra Kocbeře,-- : -- (PK:0:0),Pilníkov,,nezahájen delegace,2026-09-05,10:30:00,739864,2026-09-05 10:30:00,TJ Spartak Pilníkov - TJ Jiskra Kocbeře,False,TJ Spartak Pilníkov,V,OP starší přípravky,St. přípravka,St_pripravka,7,
13.09.2026 10:00,TJ Dvůr Králové nad Labem,Fotbalový klub Mostek,-- : -- (PK:0:0),Dvůr,,nezahájen delegace,2026-09-13,10:00:00,739872,2026-09-13 10:00:00,TJ Dvůr Králové nad Labem - Fotbalový klub Mostek,False,TJ Dvůr Králové nad Labem,V,OP starší přípravky,St. přípravka,St_pripravka,7,
13.09.2026 10:00,MFK Trutnov B,TJ Lánov,-- : -- (PK:0:0),H.S.M.,,nezahájen delegace,2026-09-13,10:00:00,739872,2026-09-13 10:00:00,MFK Trutnov B - TJ Lánov,False,MFK Trutnov B,V,OP starší přípravky,St. přípravka,St_pripravka,7,
13.09.2026 11:00,TJ Dvůr Králové nad Labem,Fotbalový klub Mostek,-- : -- (PK:0:0),Dvůr,,nezahájen delegace,2026-09-13,11:00:00,739872,2026-09-13 11:00:00,TJ Dvůr Králové nad Labem - Fotbalový klub Mostek,False,TJ Dvůr Králové nad Labem,V,OP starší přípravky,St. přípravka,St_pripravka,7,
13.09.2026 11:00,MFK Trutnov B,TJ Lánov,-- : -- (PK:0:0),H.S.M.,,nezahájen delegace,2026-09-13,11:00:00,739872,2026-09-13 11:00:00,MFK Trutnov B - TJ Lánov,False,MFK Trutnov B,V,OP starší přípravky,St. přípravka,St_pripravka,7,
12.09.2026 12:15,TJ SOKOL Bílá Třemešná,TJ Sokol Malé Svatoňovice,-- : -- (PK:0:0),B.Třemešná,,nezahájen delegace,2026-09-12,12:15:00,739871,2026-09-12 12:15:00,TJ SOKOL Bílá Třemešná - TJ Sokol Malé Svatoňovice,True,TJ Sokol Malé Svatoňovice,D,OP starší přípravky,St. přípravka,St_pripravka,7,
12.09.2026 12:00,TJ Baník Žacléř,TJ Spartak Pilníkov,-- : -- (PK:0:0),Žacléř,,nezahájen delegace,2026-09-12,12:00:00,739871,2026-09-12 12:00:00,TJ Baník Žacléř - TJ Spartak Pilníkov,False,TJ Baník Žacléř,V,OP starší přípravky,St. přípravka,St_pripravka,7,
12.09.2026 11:00,TJ Jiskra Kocbeře,SK Sparta Úpice B,-- : -- (PK:0:0),Kocbeře,,nezahájen delegace,2026-09-12,11:00:00,739871,2026-09-12 11:00:00,TJ Jiskra Kocbeře - SK Sparta Úpice B,False,TJ Jiskra Kocbeře,V,OP starší přípravky,St. přípravka,St_pripravka,7,
12.09.2026 10:00,TJ Jiskra Kocbeře,SK Sparta Úpice B,-- : -- (PK:0:0),Kocbeře,,nezahájen delegace,2026-09-12,10:00:00,739871,2026-09-12 10:00:00,TJ Jiskra Kocbeře - SK Sparta Úpice B,False,TJ Jiskra Kocbeře,V,OP starší přípravky,St. přípravka,St_pripravka,7,
12.09.2026 15:00,Hostinné/Vítězná,FK Dolní Kalná,-- : -- (PK:0:0),Hostinné,,nezahájen delegace,2026-09-12,15:00:00,739871,2026-09-12 15:00:00,Hostinné/Vítězná - FK Dolní Kalná,False,Hostinné/Vítězná,V,OP starší přípravky,St. přípravka,St_pripravka,7,
12.09.2026 14:00,Hostinné/Vítězná,FK Dolní Kalná,-- : -- (PK:0:0),Hostinné,,nezahájen delegace,2026-09-12,14:00:00,739871,2026-09-12 14:00:00,Hostinné/Vítězná - FK Dolní Kalná,False,Hostinné/Vítězná,V,OP starší přípravky,St. přípravka,St_pripravka,7,
12.09.2026 13:15,TJ SOKOL Bílá Třemešná,TJ Sokol Malé Svatoňovice,-- : -- (PK:0:0),B.Třemešná,,nezahájen delegace,2026-09-12,13:15:00,739871,2026-09-12 13:15:00,TJ SOKOL Bílá Třemešná - TJ Sokol Malé Svatoňovice,True,TJ Sokol Malé Svatoňovice,D,OP starší přípravky,St. přípravka,St_pripravka,7,
12.09.2026 13:00,TJ Baník Žacléř,TJ Spartak Pilníkov,-- : -- (PK:0:0),Žacléř,,nezahájen delegace,2026-09-12,13:00:00,739871,2026-09-12 13:00:00,TJ Baník Žacléř - TJ Spartak Pilníkov,False,TJ Baník Žacléř,V,OP starší přípravky,St. přípravka,St_pripravka,7,
27.09.2026 10:00,TJ SOKOL Bílá Třemešná,TJ Lánov,-- : -- (PK:0:0),B.Třemešná,,nezahájen delegace,2026-09-27,10:00:00,739886,2026-09-27 10:00:00,TJ SOKOL Bílá Třemešná - TJ Lánov,True,TJ Lánov,D,OP starší přípravky,St. přípravka,St_pripravka,7,
27.09.2026 10:00,TJ Dvůr Králové nad Labem,MFK Trutnov B,-- : -- (PK:0:0),Dvůr,,nezahájen delegace,2026-09-27,10:00:00,739886,2026-09-27 10:00:00,TJ Dvůr Králové nad Labem - MFK Trutnov B,False,TJ Dvůr Králové nad Labem,V,OP starší přípravky,St. přípravka,St_pripravka,7,
27.09.2026 11:00,TJ Dvůr Králové nad Labem,MFK Trutnov B,-- : -- (PK:0:0),Dvůr,,nezahájen delegace,2026-09-27,11:00:00,739886,2026-09-27 11:00:00,TJ Dvůr Králové nad Labem - MFK Trutnov B,False,TJ Dvůr Králové nad Labem,V,OP starší přípravky,St. přípravka,St_pripravka,7,
27.09.2026 11:00,TJ SOKOL Bílá Třemešná,TJ Lánov,-- : -- (PK:0:0),B.Třemešná,,nezahájen delegace,2026-09-27,11:00:00,739886,2026-09-27 11:00:00,TJ SOKOL Bílá Třemešná - TJ Lánov,True,TJ Lánov,D,OP starší přípravky,St. přípravka,St_pripravka,7,
26.09.2026 11:00,TJ Baník Žacléř,TJ Sokol Malé Svatoňovice,-- : -- (PK:0:0),Žacléř,,nezahájen delegace,2026-09-26,11:00:00,739885,2026-09-26 11:00:00,TJ Baník Žacléř - TJ Sokol Malé Svatoňovice,False,TJ Baník Žacléř,V,OP starší přípravky,St. přípravka,St_pripravka,7,
26.09.2026 10:30,TJ Spartak Pilníkov,SK Sparta Úpice B,-- : -- (PK:0:0),Pilníkov,,nezahájen delegace,2026-09-26,10:30:00,739885,2026-09-26 10:30:00,TJ Spartak Pilníkov - SK Sparta Úpice B,False,TJ Spartak Pilníkov,V,OP starší přípravky,St. přípravka,St_pripravka,7,
26.09.2026 10:00,TJ Baník Žacléř,TJ Sokol Malé Svatoňovice,-- : -- (PK:0:0),Žacléř,,nezahájen delegace,2026-09-26,10:00:00,739885,2026-09-26 10:00:00,TJ Baník Žacléř - TJ Sokol Malé Svatoňovice,False,TJ Baník Žacléř,V,OP starší přípravky,St. přípravka,St_pripravka,7,
26.09.2026 09:30,TJ Spartak Pilníkov,SK Sparta Úpice B,-- : -- (PK:0:0),Pilníkov,,nezahájen delegace,2026-09-26,09:30:00,739885,2026-09-26 09:30:00,TJ Spartak Pilníkov - SK Sparta Úpice B,False,TJ Spartak Pilníkov,V,OP starší přípravky,St. přípravka,St_pripravka,7,
26.09.2026 14:30,Hostinné/Vítězná,Fotbalový klub Mostek,-- : -- (PK:0:0),Hostinné,,nezahájen delegace,2026-09-26,14:30:00,739885,2026-09-26 14:30:00,Hostinné/Vítězná - Fotbalový klub Mostek,False,Hostinné/Vítězná,V,OP starší přípravky,St. přípravka,St_pripravka,7,
26.09.2026 13:30,Hostinné/Vítězná,Fotbalový klub Mostek,-- : -- (PK:0:0),Hostinné,,nezahájen delegace,2026-09-26,13:30:00,739885,2026-09-26 13:30:00,Hostinné/Vítězná - Fotbalový klub Mostek,False,Hostinné/Vítězná,V,OP starší přípravky,St. přípravka,St_pripravka,7,
26.09.2026 13:30,TJ Jiskra Kocbeře,FK Dolní Kalná,-- : -- (PK:0:0),Kocbeře,,nezahájen delegace,2026-09-26,13:30:00,739885,2026-09-26 13:30:00,TJ Jiskra Kocbeře - FK Dolní Kalná,False,TJ Jiskra Kocbeře,V,OP starší přípravky,St. přípravka,St_pripravka,7,
26.09.2026 12:30,TJ Jiskra Kocbeře,FK Dolní Kalná,-- : -- (PK:0:0),Kocbeře,,nezahájen delegace,2026-09-26,12:30:00,739885,2026-09-26 12:30:00,TJ Jiskra Kocbeře - FK Dolní Kalná,False,TJ Jiskra Kocbeře,V,OP starší přípravky,St. přípravka,St_pripravka,7,
04.10.2026 10:00,TJ Sokol Malé Svatoňovice,TJ Spartak Pilníkov,-- : -- (PK:0:0),M.Svatoňovice,,nezahájen delegace,2026-10-04,10:00:00,739893,2026-10-04 10:00:00,TJ Sokol Malé Svatoňovice - TJ Spartak Pilníkov,False,TJ Sokol Malé Svatoňovice,V,OP starší přípravky,St. přípravka,St_pripravka,7,
04.10.2026 10:00,TJ Lánov,TJ Jiskra Kocbeře,-- : -- (PK:0:0),Lánov,,nezahájen delegace,2026-10-04,10:00:00,739893,2026-10-04 10:00:00,TJ Lánov - TJ Jiskra Kocbeře,False,TJ Lánov,V,OP starší přípravky,St. přípravka,St_pripravka,7,
04.10.2026 11:00,MFK Trutnov B,Hostinné/Vítězná,-- : -- (PK:0:0),Trutnov / UMT,,nezahájen delegace,2026-10-04,11:00:00,739893,2026-10-04 11:00:00,MFK Trutnov B - Hostinné/Vítězná,False,MFK Trutnov B,V,OP starší přípravky,St. přípravka,St_pripravka,7,
04.10.2026 10:00,MFK Trutnov B,Hostinné/Vítězná,-- : -- (PK:0:0),Trutnov / UMT,,nezahájen delegace,2026-10-04,10:00:00,739893,2026-10-04 10:00:00,MFK Trutnov B - Hostinné/Vítězná,False,MFK Trutnov B,V,OP starší přípravky,St. přípravka,St_pripravka,7,
04.10.2026 11:00,FK Dolní Kalná,TJ Baník Žacléř,-- : -- (PK:0:0),Dolní Kalná,,nezahájen delegace,2026-10-04,11:00:00,739893,2026-10-04 11:00:00,FK Dolní Kalná - TJ Baník Žacléř,False,FK Dolní Kalná,V,OP starší přípravky,St. přípravka,St_pripravka,7,
04.10.2026 12:00,FK Dolní Kalná,TJ Baník Žacléř,-- : -- (PK:0:0),Dolní Kalná,,nezahájen delegace,2026-10-04,12:00:00,739893,2026-10-04 12:00:00,FK Dolní Kalná - TJ Baník Žacléř,False,FK Dolní Kalná,V,OP starší přípravky,St. přípravka,St_pripravka,7,
04.10.2026 11:00,TJ Sokol Malé Svatoňovice,TJ Spartak Pilníkov,-- : -- (PK:0:0),M.Svatoňovice,,nezahájen delegace,2026-10-04,11:00:00,739893,2026-10-04 11:00:00,TJ Sokol Malé Svatoňovice - TJ Spartak Pilníkov,False,TJ Sokol Malé Svatoňovice,V,OP starší přípravky,St. přípravka,St_pripravka,7,
04.10.2026 11:00,TJ Lánov,TJ Jiskra Kocbeře,-- : -- (PK:0:0),Lánov,,nezahájen delegace,2026-10-04,11:00:00,739893,2026-10-04 11:00:00,TJ Lánov - TJ Jiskra Kocbeře,False,TJ Lánov,V,OP starší přípravky,St. přípravka,St_pripravka,7,
04.10.2026 12:15,Fotbalový klub Mostek,TJ SOKOL Bílá Třemešná,-- : -- (PK:0:0),Mostek,,nezahájen delegace,2026-10-04,12:15:00,739893,2026-10-04 12:15:00,Fotbalový klub Mostek - TJ SOKOL Bílá Třemešná,True,Fotbalový klub Mostek,V,OP starší přípravky,St. přípravka,St_pripravka,7,
04.10.2026 13:15,Fotbalový klub Mostek,TJ SOKOL Bílá Třemešná,-- : -- (PK:0:0),Mostek,,nezahájen delegace,2026-10-04,13:15:00,739893,2026-10-04 13:15:00,Fotbalový klub Mostek - TJ SOKOL Bílá Třemešná,True,Fotbalový klub Mostek,V,OP starší přípravky,St. přípravka,St_pripravka,7,
03.10.2026 09:00,SK Sparta Úpice B,TJ Dvůr Králové nad Labem,-- : -- (PK:0:0),Úpice,,nezahájen delegace,2026-10-03,09:00:00,739892,2026-10-03 09:00:00,SK Sparta Úpice B - TJ Dvůr Králové nad Labem,False,SK Sparta Úpice B,V,OP starší přípravky,St. přípravka,St_pripravka,7,
03.10.2026 10:00,SK Sparta Úpice B,TJ Dvůr Králové nad Labem,-- : -- (PK:0:0),Úpice,,nezahájen delegace,2026-10-03,10:00:00,739892,2026-10-03 10:00:00,SK Sparta Úpice B - TJ Dvůr Králové nad Labem,False,SK Sparta Úpice B,V,OP starší přípravky,St. přípravka,St_pripravka,7,
11.10.2026 10:00,SK Sparta Úpice B,TJ Lánov,-- : -- (PK:0:0),Úpice,,nezahájen delegace,2026-10-11,10:00:00,739900,2026-10-11 10:00:00,SK Sparta Úpice B - TJ Lánov,False,SK Sparta Úpice B,V,OP starší přípravky,St. přípravka,St_pripravka,7,
11.10.2026 09:00,SK Sparta Úpice B,TJ Lánov,-- : -- (PK:0:0),Úpice,,nezahájen delegace,2026-10-11,09:00:00,739900,2026-10-11 09:00:00,SK Sparta Úpice B - TJ Lánov,False,SK Sparta Úpice B,V,OP starší přípravky,St. přípravka,St_pripravka,7,
11.10.2026 10:00,TJ SOKOL Bílá Třemešná,TJ Dvůr Králové nad Labem,-- : -- (PK:0:0),B.Třemešná,,nezahájen delegace,2026-10-11,10:00:00,739900,2026-10-11 10:00:00,TJ SOKOL Bílá Třemešná - TJ Dvůr Králové nad Labem,True,TJ Dvůr Králové nad Labem,D,OP starší přípravky,St. přípravka,St_pripravka,7,
11.10.2026 10:00,TJ Baník Žacléř,MFK Trutnov B,-- : -- (PK:0:0),Žacléř,,nezahájen delegace,2026-10-11,10:00:00,739900,2026-10-11 10:00:00,TJ Baník Žacléř - MFK Trutnov B,False,TJ Baník Žacléř,V,OP starší přípravky,St. přípravka,St_pripravka,7,
11.10.2026 12:15,TJ Sokol Malé Svatoňovice,FK Dolní Kalná,-- : -- (PK:0:0),M.Svatoňovice,,nezahájen delegace,2026-10-11,12:15:00,739900,2026-10-11 12:15:00,TJ Sokol Malé Svatoňovice - FK Dolní Kalná,False,TJ Sokol Malé Svatoňovice,V,OP starší přípravky,St. přípravka,St_pripravka,7,
11.10.2026 12:30,TJ Jiskra Kocbeře,Hostinné/Vítězná,-- : -- (PK:0:0),Kocbeře,,nezahájen delegace,2026-10-11,12:30:00,739900,2026-10-11 12:30:00,TJ Jiskra Kocbeře - Hostinné/Vítězná,False,TJ Jiskra Kocbeře,V,OP starší přípravky,St. přípravka,St_pripravka,7,
11.10.2026 11:00,TJ SOKOL Bílá Třemešná,TJ Dvůr Králové nad Labem,-- : -- (PK:0:0),B.Třemešná,,nezahájen delegace,2026-10-11,11:00:00,739900,2026-10-11 11:00:00,TJ SOKOL Bílá Třemešná - TJ Dvůr Králové nad Labem,True,TJ Dvůr Králové nad Labem,D,OP starší přípravky,St. přípravka,St_pripravka,7,
11.10.2026 11:00,TJ Baník Žacléř,MFK Trutnov B,-- : -- (PK:0:0),Žacléř,,nezahájen delegace,2026-10-11,11:00:00,739900,2026-10-11 11:00:00,TJ Baník Žacléř - MFK Trutnov B,False,TJ Baník Žacléř,V,OP starší přípravky,St. přípravka,St_pripravka,7,
11.10.2026 13:15,TJ Sokol Malé Svatoňovice,FK Dolní Kalná,-- : -- (PK:0:0),M.Svatoňovice,,nezahájen delegace,2026-10-11,13:15:00,739900,2026-10-11 13:15:00,TJ Sokol Malé Svatoňovice - FK Dolní Kalná,False,TJ Sokol Malé Svatoňovice,V,OP starší přípravky,St. přípravka,St_pripravka,7,
11.10.2026 13:30,TJ Jiskra Kocbeře,Hostinné/Vítězná,-- : -- (PK:0:0),Kocbeře,,nezahájen delegace,2026-10-11,13:30:00,739900,2026-10-11 13:30:00,TJ Jiskra Kocbeře - Hostinné/Vítězná,False,TJ Jiskra Kocbeře,V,OP starší přípravky,St. přípravka,St_pripravka,7,
10.10.2026 09:00,TJ Spartak Pilníkov,Fotbalový klub Mostek,-- : -- (PK:0:0),Pilníkov,,nezahájen delegace,2026-10-10,09:00:00,739899,2026-10-10 09:00:00,TJ Spartak Pilníkov - Fotbalový klub Mostek,False,TJ Spartak Pilníkov,V,OP starší přípravky,St. přípravka,St_pripravka,7,
10.10.2026 10:00,TJ Spartak Pilníkov,Fotbalový klub Mostek,-- : -- (PK:0:0),Pilníkov,,nezahájen delegace,2026-10-10,10:00:00,739899,2026-10-10 10:00:00,TJ Spartak Pilníkov - Fotbalový klub Mostek,False,TJ Spartak Pilníkov,V,OP starší přípravky,St. přípravka,St_pripravka,7,
18.10.2026 11:00,TJ Dvůr Králové nad Labem,FK Dolní Kalná,-- : -- (PK:0:0),Dvůr,,nezahájen delegace,2026-10-18,11:00:00,739907,2026-10-18 11:00:00,TJ Dvůr Králové nad Labem - FK Dolní Kalná,False,TJ Dvůr Králové nad Labem,V,OP starší přípravky,St. přípravka,St_pripravka,7,
18.10.2026 10:00,TJ Dvůr Králové nad Labem,FK Dolní Kalná,-- : -- (PK:0:0),Dvůr,,nezahájen delegace,2026-10-18,10:00:00,739907,2026-10-18 10:00:00,TJ Dvůr Králové nad Labem - FK Dolní Kalná,False,TJ Dvůr Králové nad Labem,V,OP starší přípravky,St. přípravka,St_pripravka,7,
18.10.2026 10:00,TJ Lánov,TJ Sokol Malé Svatoňovice,-- : -- (PK:0:0),Lánov,,nezahájen delegace,2026-10-18,10:00:00,739907,2026-10-18 10:00:00,TJ Lánov - TJ Sokol Malé Svatoňovice,False,TJ Lánov,V,OP starší přípravky,St. přípravka,St_pripravka,7,
18.10.2026 10:00,TJ Jiskra Kocbeře,TJ SOKOL Bílá Třemešná,-- : -- (PK:0:0),Kocbeře,,nezahájen delegace,2026-10-18,10:00:00,739907,2026-10-18 10:00:00,TJ Jiskra Kocbeře - TJ SOKOL Bílá Třemešná,True,TJ Jiskra Kocbeře,V,OP starší přípravky,St. přípravka,St_pripravka,7,
18.10.2026 11:00,TJ Jiskra Kocbeře,TJ SOKOL Bílá Třemešná,-- : -- (PK:0:0),Kocbeře,,nezahájen delegace,2026-10-18,11:00:00,739907,2026-10-18 11:00:00,TJ Jiskra Kocbeře - TJ SOKOL Bílá Třemešná,True,TJ Jiskra Kocbeře,V,OP starší přípravky,St. přípravka,St_pripravka,7,
18.10.2026 11:00,TJ Lánov,TJ Sokol Malé Svatoňovice,-- : -- (PK:0:0),Lánov,,nezahájen delegace,2026-10-18,11:00:00,739907,2026-10-18 11:00:00,TJ Lánov - TJ Sokol Malé Svatoňovice,False,TJ Lánov,V,OP starší přípravky,St. přípravka,St_pripravka,7,
18.10.2026 12:15,Fotbalový klub Mostek,SK Sparta Úpice B,-- : -- (PK:0:0),Mostek,,nezahájen delegace,2026-10-18,12:15:00,739907,2026-10-18 12:15:00,Fotbalový klub Mostek - SK Sparta Úpice B,False,Fotbalový klub Mostek,V,OP starší přípravky,St. přípravka,St_pripravka,7,
18.10.2026 13:15,Fotbalový klub Mostek,SK Sparta Úpice B,-- : -- (PK:0:0),Mostek,,nezahájen delegace,2026-10-18,13:15:00,739907,2026-10-18 13:15:00,Fotbalový klub Mostek - SK Sparta Úpice B,False,Fotbalový klub Mostek,V,OP starší přípravky,St. přípravka,St_pripravka,7,
17.10.2026 16:15,MFK Trutnov B,TJ Spartak Pilníkov,-- : -- (PK:0:0),H.S.M.,,nezahájen delegace,2026-10-17,16:15:00,739906,2026-10-17 16:15:00,MFK Trutnov B - TJ Spartak Pilníkov,False,MFK Trutnov B,V,OP starší přípravky,St. přípravka,St_pripravka,7,
17.10.2026 15:15,MFK Trutnov B,TJ Spartak Pilníkov,-- : -- (PK:0:0),H.S.M.,,nezahájen delegace,2026-10-17,15:15:00,739906,2026-10-17 15:15:00,MFK Trutnov B - TJ Spartak Pilníkov,False,MFK Trutnov B,V,OP starší přípravky,St. přípravka,St_pripravka,7,
17.10.2026 11:00,Hostinné/Vítězná,TJ Baník Žacléř,-- : -- (PK:0:0),Vítězná,,nezahájen delegace,2026-10-17,11:00:00,739906,2026-10-17 11:00:00,Hostinné/Vítězná - TJ Baník Žacléř,False,Hostinné/Vítězná,V,OP starší přípravky,St. přípravka,St_pripravka,7,
17.10.2026 10:00,Hostinné/Vítězná,TJ Baník Žacléř,-- : -- (PK:0:0),Vítězná,,nezahájen delegace,2026-10-17,10:00:00,739906,2026-10-17 10:00:00,Hostinné/Vítězná - TJ Baník Žacléř,False,Hostinné/Vítězná,V,OP starší přípravky,St. přípravka,St_pripravka,7,
25.10.2026 10:00,SK Sparta Úpice B,MFK Trutnov B,-- : -- (PK:0:0),Úpice,,nezahájen delegace,2026-10-25,10:00:00,739914,2026-10-25 10:00:00,SK Sparta Úpice B - MFK Trutnov B,False,SK Sparta Úpice B,V,OP starší přípravky,St. přípravka,St_pripravka,7,
25.10.2026 10:30,TJ Sokol Malé Svatoňovice,Fotbalový klub Mostek,-- : -- (PK:0:0),M.Svatoňovice,,nezahájen delegace,2026-10-25,10:30:00,739914,2026-10-25 10:30:00,TJ Sokol Malé Svatoňovice - Fotbalový klub Mostek,False,TJ Sokol Malé Svatoňovice,V,OP starší přípravky,St. přípravka,St_pripravka,7,
25.10.2026 09:00,SK Sparta Úpice B,MFK Trutnov B,-- : -- (PK:0:0),Úpice,,nezahájen delegace,2026-10-25,09:00:00,739914,2026-10-25 09:00:00,SK Sparta Úpice B - MFK Trutnov B,False,SK Sparta Úpice B,V,OP starší přípravky,St. přípravka,St_pripravka,7,
25.10.2026 09:30,TJ Sokol Malé Svatoňovice,Fotbalový klub Mostek,-- : -- (PK:0:0),M.Svatoňovice,,nezahájen delegace,2026-10-25,09:30:00,739914,2026-10-25 09:30:00,TJ Sokol Malé Svatoňovice - Fotbalový klub Mostek,False,TJ Sokol Malé Svatoňovice,V,OP starší přípravky,St. přípravka,St_pripravka,7,
25.10.2026 12:30,TJ Jiskra Kocbeře,TJ Dvůr Králové nad Labem,-- : -- (PK:0:0),Kocbeře,,nezahájen delegace,2026-10-25,12:30:00,739914,2026-10-25 12:30:00,TJ Jiskra Kocbeře - TJ Dvůr Králové nad Labem,False,TJ Jiskra Kocbeře,V,OP starší přípravky,St. přípravka,St_pripravka,7,
25.10.2026 13:30,TJ Jiskra Kocbeře,TJ Dvůr Králové nad Labem,-- : -- (PK:0:0),Kocbeře,,nezahájen delegace,2026-10-25,13:30:00,739914,2026-10-25 13:30:00,TJ Jiskra Kocbeře - TJ Dvůr Králové nad Labem,False,TJ Jiskra Kocbeře,V,OP starší přípravky,St. přípravka,St_pripravka,7,
24.10.2026 10:00,TJ Baník Žacléř,TJ SOKOL Bílá Třemešná,-- : -- (PK:0:0),Žacléř,,nezahájen delegace,2026-10-24,10:00:00,739913,2026-10-24 10:00:00,TJ Baník Žacléř - TJ SOKOL Bílá Třemešná,True,TJ Baník Žacléř,V,OP starší přípravky,St. přípravka,St_pripravka,7,
24.10.2026 09:00,TJ Baník Žacléř,TJ SOKOL Bílá Třemešná,-- : -- (PK:0:0),Žacléř,,nezahájen delegace,2026-10-24,09:00:00,739913,2026-10-24 09:00:00,TJ Baník Žacléř - TJ SOKOL Bílá Třemešná,True,TJ Baník Žacléř,V,OP starší přípravky,St. přípravka,St_pripravka,7,
24.10.2026 12:15,TJ Spartak Pilníkov,Hostinné/Vítězná,-- : -- (PK:0:0),Pilníkov,,nezahájen delegace,2026-10-24,12:15:00,739913,2026-10-24 12:15:00,TJ Spartak Pilníkov - Hostinné/Vítězná,False,TJ Spartak Pilníkov,V,OP starší přípravky,St. přípravka,St_pripravka,7,
24.10.2026 12:00,FK Dolní Kalná,TJ Lánov,-- : -- (PK:0:0),Dolní Kalná,,nezahájen delegace,2026-10-24,12:00:00,739913,2026-10-24 12:00:00,FK Dolní Kalná - TJ Lánov,False,FK Dolní Kalná,V,OP starší přípravky,St. přípravka,St_pripravka,7,
24.10.2026 13:00,FK Dolní Kalná,TJ Lánov,-- : -- (PK:0:0),Dolní Kalná,,nezahájen delegace,2026-10-24,13:00:00,739913,2026-10-24 13:00:00,FK Dolní Kalná - TJ Lánov,False,FK Dolní Kalná,V,OP starší přípravky,St. přípravka,St_pripravka,7,
24.10.2026 13:15,TJ Spartak Pilníkov,Hostinné/Vítězná,-- : -- (PK:0:0),Pilníkov,,nezahájen delegace,2026-10-24,13:15:00,739913,2026-10-24 13:15:00,TJ Spartak Pilníkov - Hostinné/Vítězná,False,TJ Spartak Pilníkov,V,OP starší přípravky,St. přípravka,St_pripravka,7,
28.10.2026 10:00,SK Sparta Úpice B,TJ Baník Žacléř,-- : -- (PK:0:0),Úpice,,nezahájen delegace,2026-10-28,10:00:00,739917,2026-10-28 10:00:00,SK Sparta Úpice B - TJ Baník Žacléř,False,SK Sparta Úpice B,V,OP starší přípravky,St. přípravka,St_pripravka,7,
28.10.2026 10:00,TJ Sokol Malé Svatoňovice,TJ Jiskra Kocbeře,-- : -- (PK:0:0),M.Svatoňovice,,nezahájen delegace,2026-10-28,10:00:00,739917,2026-10-28 10:00:00,TJ Sokol Malé Svatoňovice - TJ Jiskra Kocbeře,False,TJ Sokol Malé Svatoňovice,V,OP starší přípravky,St. přípravka,St_pripravka,7,
28.10.2026 11:00,TJ Sokol Malé Svatoňovice,TJ Jiskra Kocbeře,-- : -- (PK:0:0),M.Svatoňovice,,nezahájen delegace,2026-10-28,11:00:00,739917,2026-10-28 11:00:00,TJ Sokol Malé Svatoňovice - TJ Jiskra Kocbeře,False,TJ Sokol Malé Svatoňovice,V,OP starší přípravky,St. přípravka,St_pripravka,7,
28.10.2026 11:00,SK Sparta Úpice B,TJ Baník Žacléř,-- : -- (PK:0:0),Úpice,,nezahájen delegace,2026-10-28,11:00:00,739917,2026-10-28 11:00:00,SK Sparta Úpice B - TJ Baník Žacléř,False,SK Sparta Úpice B,V,OP starší přípravky,St. přípravka,St_pripravka,7,
28.10.2026 12:00,FK Dolní Kalná,TJ SOKOL Bílá Třemešná,-- : -- (PK:0:0),Dolní Kalná,,nezahájen delegace,2026-10-28,12:00:00,739917,2026-10-28 12:00:00,FK Dolní Kalná - TJ SOKOL Bílá Třemešná,True,FK Dolní Kalná,V,OP starší přípravky,St. přípravka,St_pripravka,7,
28.10.2026 12:15,TJ Lánov,Hostinné/Vítězná,-- : -- (PK:0:0),Lánov,,nezahájen delegace,2026-10-28,12:15:00,739917,2026-10-28 12:15:00,TJ Lánov - Hostinné/Vítězná,False,TJ Lánov,V,OP starší přípravky,St. přípravka,St_pripravka,7,
28.10.2026 12:15,TJ Spartak Pilníkov,TJ Dvůr Králové nad Labem,-- : -- (PK:0:0),Pilníkov,,nezahájen delegace,2026-10-28,12:15:00,739917,2026-10-28 12:15:00,TJ Spartak Pilníkov - TJ Dvůr Králové nad Labem,False,TJ Spartak Pilníkov,V,OP starší přípravky,St. přípravka,St_pripravka,7,
28.10.2026 13:00,FK Dolní Kalná,TJ SOKOL Bílá Třemešná,-- : -- (PK:0:0),Dolní Kalná,,nezahájen delegace,2026-10-28,13:00:00,739917,2026-10-28 13:00:00,FK Dolní Kalná - TJ SOKOL Bílá Třemešná,True,FK Dolní Kalná,V,OP starší přípravky,St. přípravka,St_pripravka,7,
28.10.2026 13:15,TJ Lánov,Hostinné/Vítězná,-- : -- (PK:0:0),Lánov,,nezahájen delegace,2026-10-28,13:15:00,739917,2026-10-28 13:15:00,TJ Lánov - Hostinné/Vítězná,False,TJ Lánov,V,OP starší přípravky,St. přípravka,St_pripravka,7,
28.10.2026 13:15,TJ Spartak Pilníkov,TJ Dvůr Králové nad Labem,-- : -- (PK:0:0),Pilníkov,,nezahájen delegace,2026-10-28,13:15:00,739917,2026-10-28 13:15:00,TJ Spartak Pilníkov - TJ Dvůr Králové nad Labem,False,TJ Spartak Pilníkov,V,OP starší přípravky,St. přípravka,St_pripravka,7,
28.10.2026 14:15,Fotbalový klub Mostek,MFK Trutnov B,-- : -- (PK:0:0),Mostek,,nezahájen delegace,2026-10-28,14:15:00,739917,2026-10-28 14:15:00,Fotbalový klub Mostek - MFK Trutnov B,False,Fotbalový klub Mostek,V,OP starší přípravky,St. přípravka,St_pripravka,7,
28.10.2026 15:15,Fotbalový klub Mostek,MFK Trutnov B,-- : -- (PK:0:0),Mostek,,nezahájen delegace,2026-10-28,15:15:00,739917,2026-10-28 15:15:00,Fotbalový klub Mostek - MFK Trutnov B,False,Fotbalový klub Mostek,V,OP starší přípravky,St. přípravka,St_pripravka,7,
15.09.2026 18:00,TJ Dvůr Králové nad Labem,FC Mladé Buky,-- : -- (PK:0:0),D.Králové,", Původní termín: 30.08.2026 11:00",nezahájen delegace,2026-09-15,18:00:00,739874,2026-09-15 18:00:00,TJ Dvůr Králové nad Labem - FC Mladé Buky,False,TJ Dvůr Králové nad Labem,V,OP mladší přípravky,Ml. přípravka,Ml_pripravka,8, Původní termín: 30.08.2026 11:00
15.09.2026 17:00,TJ Dvůr Králové nad Labem,FC Mladé Buky,-- : -- (PK:0:0),D.Králové,", Původní termín: 30.08.2026 10:00",nezahájen delegace,2026-09-15,17:00:00,739874,2026-09-15 17:00:00,TJ Dvůr Králové nad Labem - FC Mladé Buky,False,TJ Dvůr Králové nad Labem,V,OP mladší přípravky,Ml. přípravka,Ml_pripravka,8, Původní termín: 30.08.2026 10:00
30.08.2026 10:30,TJ Lánov,TJ Baník Žacléř,-- : -- (PK:0:0),Lánov,,nezahájen delegace,2026-08-30,10:30:00,739858,2026-08-30 10:30:00,TJ Lánov - TJ Baník Žacléř,False,TJ Lánov,V,OP mladší přípravky,Ml. přípravka,Ml_pripravka,8,
30.08.2026 09:30,TJ Lánov,TJ Baník Žacléř,-- : -- (PK:0:0),Lánov,,nezahájen delegace,2026-08-30,09:30:00,739858,2026-08-30 09:30:00,TJ Lánov - TJ Baník Žacléř,False,TJ Lánov,V,OP mladší přípravky,Ml. přípravka,Ml_pripravka,8,
30.08.2026 13:30,TJ Jiskra Kocbeře,SK Spartak Hajnice,-- : -- (PK:0:0),Kocbeře,,nezahájen delegace,2026-08-30,13:30:00,739858,2026-08-30 13:30:00,TJ Jiskra Kocbeře - SK Spartak Hajnice,False,TJ Jiskra Kocbeře,V,OP mladší přípravky,Ml. přípravka,Ml_pripravka,8,
30.08.2026 13:00,Fotbalový klub Mostek,TJ SOKOL Bílá Třemešná,-- : -- (PK:0:0),Mostek,,nezahájen delegace,2026-08-30,13:00:00,739858,2026-08-30 13:00:00,Fotbalový klub Mostek - TJ SOKOL Bílá Třemešná,True,Fotbalový klub Mostek,V,OP mladší přípravky,Ml. přípravka,Ml_pripravka,8,
30.08.2026 12:00,Fotbalový klub Mostek,TJ SOKOL Bílá Třemešná,-- : -- (PK:0:0),Mostek,,nezahájen delegace,2026-08-30,12:00:00,739858,2026-08-30 12:00:00,Fotbalový klub Mostek - TJ SOKOL Bílá Třemešná,True,Fotbalový klub Mostek,V,OP mladší přípravky,Ml. přípravka,Ml_pripravka,8,
30.08.2026 12:30,TJ Jiskra Kocbeře,SK Spartak Hajnice,-- : -- (PK:0:0),Kocbeře,,nezahájen delegace,2026-08-30,12:30:00,739858,2026-08-30 12:30:00,TJ Jiskra Kocbeře - SK Spartak Hajnice,False,TJ Jiskra Kocbeře,V,OP mladší přípravky,Ml. přípravka,Ml_pripravka,8,
30.08.2026 17:30,MFK Trutnov dívky,FK Dolní Kalná,-- : -- (PK:0:0),H.S.M.,,nezahájen delegace,2026-08-30,17:30:00,739858,2026-08-30 17:30:00,MFK Trutnov dívky - FK Dolní Kalná,False,MFK Trutnov dívky,V,OP mladší přípravky,Ml. přípravka,Ml_pripravka,8,
30.08.2026 16:30,MFK Trutnov dívky,FK Dolní Kalná,-- : -- (PK:0:0),H.S.M.,,nezahájen delegace,2026-08-30,16:30:00,739858,2026-08-30 16:30:00,MFK Trutnov dívky - FK Dolní Kalná,False,MFK Trutnov dívky,V,OP mladší přípravky,Ml. přípravka,Ml_pripravka,8,
29.08.2026 10:00,Sokol Vítězná,SK Sparta Úpice,-- : -- (PK:0:0),Vítězná,,nezahájen delegace,2026-08-29,10:00:00,739857,2026-08-29 10:00:00,Sokol Vítězná - SK Sparta Úpice,False,Sokol Vítězná,V,OP mladší přípravky,Ml. přípravka,Ml_pripravka,8,
29.08.2026 11:00,Sokol Vítězná,SK Sparta Úpice,-- : -- (PK:0:0),Vítězná,,nezahájen delegace,2026-08-29,11:00:00,739857,2026-08-29 11:00:00,Sokol Vítězná - SK Sparta Úpice,False,Sokol Vítězná,V,OP mladší přípravky,Ml. přípravka,Ml_pripravka,8,
06.09.2026 12:00,TJ Baník Žacléř,Fotbalový klub Mostek,-- : -- (PK:0:0),Žacléř,,nezahájen delegace,2026-09-06,12:00:00,739865,2026-09-06 12:00:00,TJ Baník Žacléř - Fotbalový klub Mostek,False,TJ Baník Žacléř,V,OP mladší přípravky,Ml. přípravka,Ml_pripravka,8,
06.09.2026 12:30,FK Dolní Kalná,Sokol Vítězná,-- : -- (PK:0:0),Dolní Kalná,,nezahájen delegace,2026-09-06,12:30:00,739865,2026-09-06 12:30:00,FK Dolní Kalná - Sokol Vítězná,False,FK Dolní Kalná,V,OP mladší přípravky,Ml. přípravka,Ml_pripravka,8,
06.09.2026 09:00,SK Sparta Úpice,TJ Dvůr Králové nad Labem,-- : -- (PK:0:0),Úpice,,nezahájen delegace,2026-09-06,09:00:00,739865,2026-09-06 09:00:00,SK Sparta Úpice - TJ Dvůr Králové nad Labem,False,SK Sparta Úpice,V,OP mladší přípravky,Ml. přípravka,Ml_pripravka,8,
06.09.2026 10:00,SK Sparta Úpice,TJ Dvůr Králové nad Labem,-- : -- (PK:0:0),Úpice,,nezahájen delegace,2026-09-06,10:00:00,739865,2026-09-06 10:00:00,SK Sparta Úpice - TJ Dvůr Králové nad Labem,False,SK Sparta Úpice,V,OP mladší přípravky,Ml. přípravka,Ml_pripravka,8,
06.09.2026 13:00,TJ Baník Žacléř,Fotbalový klub Mostek,-- : -- (PK:0:0),Žacléř,,nezahájen delegace,2026-09-06,13:00:00,739865,2026-09-06 13:00:00,TJ Baník Žacléř - Fotbalový klub Mostek,False,TJ Baník Žacléř,V,OP mladší přípravky,Ml. přípravka,Ml_pripravka,8,
06.09.2026 13:30,FK Dolní Kalná,Sokol Vítězná,-- : -- (PK:0:0),Dolní Kalná,,nezahájen delegace,2026-09-06,13:30:00,739865,2026-09-06 13:30:00,FK Dolní Kalná - Sokol Vítězná,False,FK Dolní Kalná,V,OP mladší přípravky,Ml. přípravka,Ml_pripravka,8,
05.09.2026 10:00,TJ SOKOL Bílá Třemešná,MFK Trutnov dívky,-- : -- (PK:0:0),B.Třemešná,,nezahájen delegace,2026-09-05,10:00:00,739864,2026-09-05 10:00:00,TJ SOKOL Bílá Třemešná - MFK Trutnov dívky,True,MFK Trutnov dívky,D,OP mladší přípravky,Ml. přípravka,Ml_pripravka,8,
05.09.2026 09:30,FC Mladé Buky,TJ Jiskra Kocbeře,-- : -- (PK:0:0),M.Buky,,nezahájen delegace,2026-09-05,09:30:00,739864,2026-09-05 09:30:00,FC Mladé Buky - TJ Jiskra Kocbeře,False,FC Mladé Buky,V,OP mladší přípravky,Ml. přípravka,Ml_pripravka,8,
05.09.2026 11:00,TJ SOKOL Bílá Třemešná,MFK Trutnov dívky,-- : -- (PK:0:0),B.Třemešná,,nezahájen delegace,2026-09-05,11:00:00,739864,2026-09-05 11:00:00,TJ SOKOL Bílá Třemešná - MFK Trutnov dívky,True,MFK Trutnov dívky,D,OP mladší přípravky,Ml. přípravka,Ml_pripravka,8,
05.09.2026 10:30,FC Mladé Buky,TJ Jiskra Kocbeře,-- : -- (PK:0:0),M.Buky,,nezahájen delegace,2026-09-05,10:30:00,739864,2026-09-05 10:30:00,FC Mladé Buky - TJ Jiskra Kocbeře,False,FC Mladé Buky,V,OP mladší přípravky,Ml. přípravka,Ml_pripravka,8,
05.09.2026 12:30,SK Spartak Hajnice,TJ Lánov,-- : -- (PK:0:0),Hajnice,,nezahájen delegace,2026-09-05,12:30:00,739864,2026-09-05 12:30:00,SK Spartak Hajnice - TJ Lánov,False,SK Spartak Hajnice,V,OP mladší přípravky,Ml. přípravka,Ml_pripravka,8,
05.09.2026 13:30,SK Spartak Hajnice,TJ Lánov,-- : -- (PK:0:0),Hajnice,,nezahájen delegace,2026-09-05,13:30:00,739864,2026-09-05 13:30:00,SK Spartak Hajnice - TJ Lánov,False,SK Spartak Hajnice,V,OP mladší přípravky,Ml. přípravka,Ml_pripravka,8,
13.09.2026 12:15,TJ Lánov,FC Mladé Buky,-- : -- (PK:0:0),Lánov,,nezahájen delegace,2026-09-13,12:15:00,739872,2026-09-13 12:15:00,TJ Lánov - FC Mladé Buky,False,TJ Lánov,V,OP mladší přípravky,Ml. přípravka,Ml_pripravka,8,
13.09.2026 13:00,Sokol Vítězná,TJ SOKOL Bílá Třemešná,-- : -- (PK:0:0),Vítězná,,nezahájen delegace,2026-09-13,13:00:00,739872,2026-09-13 13:00:00,Sokol Vítězná - TJ SOKOL Bílá Třemešná,True,Sokol Vítězná,V,OP mladší přípravky,Ml. přípravka,Ml_pripravka,8,
13.09.2026 10:00,TJ Dvůr Králové nad Labem,TJ Jiskra Kocbeře,-- : -- (PK:0:0),D.Králové,,nezahájen delegace,2026-09-13,10:00:00,739872,2026-09-13 10:00:00,TJ Dvůr Králové nad Labem - TJ Jiskra Kocbeře,False,TJ Dvůr Králové nad Labem,V,OP mladší přípravky,Ml. přípravka,Ml_pripravka,8,
13.09.2026 11:00,TJ Dvůr Králové nad Labem,TJ Jiskra Kocbeře,-- : -- (PK:0:0),D.Králové,,nezahájen delegace,2026-09-13,11:00:00,739872,2026-09-13 11:00:00,TJ Dvůr Králové nad Labem - TJ Jiskra Kocbeře,False,TJ Dvůr Králové nad Labem,V,OP mladší přípravky,Ml. přípravka,Ml_pripravka,8,
13.09.2026 13:15,TJ Lánov,FC Mladé Buky,-- : -- (PK:0:0),Lánov,,nezahájen delegace,2026-09-13,13:15:00,739872,2026-09-13 13:15:00,TJ Lánov - FC Mladé Buky,False,TJ Lánov,V,OP mladší přípravky,Ml. přípravka,Ml_pripravka,8,
13.09.2026 14:00,Sokol Vítězná,TJ SOKOL Bílá Třemešná,-- : -- (PK:0:0),Vítězná,,nezahájen delegace,2026-09-13,14:00:00,739872,2026-09-13 14:00:00,Sokol Vítězná - TJ SOKOL Bílá Třemešná,True,Sokol Vítězná,V,OP mladší přípravky,Ml. přípravka,Ml_pripravka,8,
12.09.2026 10:30,Fotbalový klub Mostek,SK Spartak Hajnice,-- : -- (PK:0:0),Mostek,,nezahájen delegace,2026-09-12,10:30:00,739871,2026-09-12 10:30:00,Fotbalový klub Mostek - SK Spartak Hajnice,False,Fotbalový klub Mostek,V,OP mladší přípravky,Ml. přípravka,Ml_pripravka,8,
12.09.2026 09:30,Fotbalový klub Mostek,SK Spartak Hajnice,-- : -- (PK:0:0),Mostek,,nezahájen delegace,2026-09-12,09:30:00,739871,2026-09-12 09:30:00,Fotbalový klub Mostek - SK Spartak Hajnice,False,Fotbalový klub Mostek,V,OP mladší přípravky,Ml. přípravka,Ml_pripravka,8,
12.09.2026 15:00,SK Sparta Úpice,FK Dolní Kalná,-- : -- (PK:0:0),Úpice,,nezahájen delegace,2026-09-12,15:00:00,739871,2026-09-12 15:00:00,SK Sparta Úpice - FK Dolní Kalná,False,SK Sparta Úpice,V,OP mladší přípravky,Ml. přípravka,Ml_pripravka,8,
12.09.2026 14:00,SK Sparta Úpice,FK Dolní Kalná,-- : -- (PK:0:0),Úpice,,nezahájen delegace,2026-09-12,14:00:00,739871,2026-09-12 14:00:00,SK Sparta Úpice - FK Dolní Kalná,False,SK Sparta Úpice,V,OP mladší přípravky,Ml. přípravka,Ml_pripravka,8,
12.09.2026 15:15,MFK Trutnov dívky,TJ Baník Žacléř,-- : -- (PK:0:0),H.S.M.,,nezahájen delegace,2026-09-12,15:15:00,739871,2026-09-12 15:15:00,MFK Trutnov dívky - TJ Baník Žacléř,False,MFK Trutnov dívky,V,OP mladší přípravky,Ml. přípravka,Ml_pripravka,8,
12.09.2026 16:15,MFK Trutnov dívky,TJ Baník Žacléř,-- : -- (PK:0:0),H.S.M.,,nezahájen delegace,2026-09-12,16:15:00,739871,2026-09-12 16:15:00,MFK Trutnov dívky - TJ Baník Žacléř,False,MFK Trutnov dívky,V,OP mladší přípravky,Ml. přípravka,Ml_pripravka,8,
27.09.2026 11:00,Fotbalový klub Mostek,TJ Jiskra Kocbeře,-- : -- (PK:0:0),Mostek,,nezahájen delegace,2026-09-27,11:00:00,739886,2026-09-27 11:00:00,Fotbalový klub Mostek - TJ Jiskra Kocbeře,False,Fotbalový klub Mostek,V,OP mladší přípravky,Ml. přípravka,Ml_pripravka,8,
27.09.2026 11:00,TJ Dvůr Králové nad Labem,TJ Lánov,-- : -- (PK:0:0),D.Králové,,nezahájen delegace,2026-09-27,11:00:00,739886,2026-09-27 11:00:00,TJ Dvůr Králové nad Labem - TJ Lánov,False,TJ Dvůr Králové nad Labem,V,OP mladší přípravky,Ml. přípravka,Ml_pripravka,8,
27.09.2026 10:00,TJ Dvůr Králové nad Labem,TJ Lánov,-- : -- (PK:0:0),D.Králové,,nezahájen delegace,2026-09-27,10:00:00,739886,2026-09-27 10:00:00,TJ Dvůr Králové nad Labem - TJ Lánov,False,TJ Dvůr Králové nad Labem,V,OP mladší přípravky,Ml. přípravka,Ml_pripravka,8,
27.09.2026 10:00,Fotbalový klub Mostek,TJ Jiskra Kocbeře,-- : -- (PK:0:0),Mostek,,nezahájen delegace,2026-09-27,10:00:00,739886,2026-09-27 10:00:00,Fotbalový klub Mostek - TJ Jiskra Kocbeře,False,Fotbalový klub Mostek,V,OP mladší přípravky,Ml. přípravka,Ml_pripravka,8,
27.09.2026 13:00,Sokol Vítězná,SK Spartak Hajnice,-- : -- (PK:0:0),Vítězná,,nezahájen delegace,2026-09-27,13:00:00,739886,2026-09-27 13:00:00,Sokol Vítězná - SK Spartak Hajnice,False,Sokol Vítězná,V,OP mladší přípravky,Ml. přípravka,Ml_pripravka,8,
27.09.2026 14:00,Sokol Vítězná,SK Spartak Hajnice,-- : -- (PK:0:0),Vítězná,,nezahájen delegace,2026-09-27,14:00:00,739886,2026-09-27 14:00:00,Sokol Vítězná - SK Spartak Hajnice,False,Sokol Vítězná,V,OP mladší přípravky,Ml. přípravka,Ml_pripravka,8,
26.09.2026 14:30,FK Dolní Kalná,TJ SOKOL Bílá Třemešná,-- : -- (PK:0:0),Dolní Kalná,,nezahájen delegace,2026-09-26,14:30:00,739885,2026-09-26 14:30:00,FK Dolní Kalná - TJ SOKOL Bílá Třemešná,True,FK Dolní Kalná,V,OP mladší přípravky,Ml. přípravka,Ml_pripravka,8,
26.09.2026 14:00,SK Sparta Úpice,TJ Baník Žacléř,-- : -- (PK:0:0),Úpice,,nezahájen delegace,2026-09-26,14:00:00,739885,2026-09-26 14:00:00,SK Sparta Úpice - TJ Baník Žacléř,False,SK Sparta Úpice,V,OP mladší přípravky,Ml. přípravka,Ml_pripravka,8,
26.09.2026 15:15,MFK Trutnov dívky,FC Mladé Buky,-- : -- (PK:0:0),H.S.M.,,nezahájen delegace,2026-09-26,15:15:00,739885,2026-09-26 15:15:00,MFK Trutnov dívky - FC Mladé Buky,False,MFK Trutnov dívky,V,OP mladší přípravky,Ml. přípravka,Ml_pripravka,8,
26.09.2026 15:00,SK Sparta Úpice,TJ Baník Žacléř,-- : -- (PK:0:0),Úpice,,nezahájen delegace,2026-09-26,15:00:00,739885,2026-09-26 15:00:00,SK Sparta Úpice - TJ Baník Žacléř,False,SK Sparta Úpice,V,OP mladší přípravky,Ml. přípravka,Ml_pripravka,8,
26.09.2026 15:30,FK Dolní Kalná,TJ SOKOL Bílá Třemešná,-- : -- (PK:0:0),Dolní Kalná,,nezahájen delegace,2026-09-26,15:30:00,739885,2026-09-26 15:30:00,FK Dolní Kalná - TJ SOKOL Bílá Třemešná,True,FK Dolní Kalná,V,OP mladší přípravky,Ml. přípravka,Ml_pripravka,8,
26.09.2026 16:15,MFK Trutnov dívky,FC Mladé Buky,-- : -- (PK:0:0),H.S.M.,,nezahájen delegace,2026-09-26,16:15:00,739885,2026-09-26 16:15:00,MFK Trutnov dívky - FC Mladé Buky,False,MFK Trutnov dívky,V,OP mladší přípravky,Ml. přípravka,Ml_pripravka,8,
04.10.2026 10:00,TJ SOKOL Bílá Třemešná,TJ Dvůr Králové nad Labem,-- : -- (PK:0:0),B.Třemešná,,nezahájen delegace,2026-10-04,10:00:00,739893,2026-10-04 10:00:00,TJ SOKOL Bílá Třemešná - TJ Dvůr Králové nad Labem,True,TJ Dvůr Králové nad Labem,D,OP mladší přípravky,Ml. přípravka,Ml_pripravka,8,
04.10.2026 09:00,TJ SOKOL Bílá Třemešná,TJ Dvůr Králové nad Labem,-- : -- (PK:0:0),B.Třemešná,,nezahájen delegace,2026-10-04,09:00:00,739893,2026-10-04 09:00:00,TJ SOKOL Bílá Třemešná - TJ Dvůr Králové nad Labem,True,TJ Dvůr Králové nad Labem,D,OP mladší přípravky,Ml. přípravka,Ml_pripravka,8,
04.10.2026 10:00,SK Spartak Hajnice,SK Sparta Úpice,-- : -- (PK:0:0),Hajnice,,nezahájen delegace,2026-10-04,10:00:00,739893,2026-10-04 10:00:00,SK Spartak Hajnice - SK Sparta Úpice,False,SK Spartak Hajnice,V,OP mladší přípravky,Ml. přípravka,Ml_pripravka,8,
04.10.2026 10:00,FC Mladé Buky,Sokol Vítězná,-- : -- (PK:0:0),M.Buky,,nezahájen delegace,2026-10-04,10:00:00,739893,2026-10-04 10:00:00,FC Mladé Buky - Sokol Vítězná,False,FC Mladé Buky,V,OP mladší přípravky,Ml. přípravka,Ml_pripravka,8,
04.10.2026 12:15,TJ Lánov,Fotbalový klub Mostek,-- : -- (PK:0:0),Lánov,,nezahájen delegace,2026-10-04,12:15:00,739893,2026-10-04 12:15:00,TJ Lánov - Fotbalový klub Mostek,False,TJ Lánov,V,OP mladší přípravky,Ml. přípravka,Ml_pripravka,8,
04.10.2026 12:30,TJ Jiskra Kocbeře,MFK Trutnov dívky,-- : -- (PK:0:0),Kocbeře,,nezahájen delegace,2026-10-04,12:30:00,739893,2026-10-04 12:30:00,TJ Jiskra Kocbeře - MFK Trutnov dívky,False,TJ Jiskra Kocbeře,V,OP mladší přípravky,Ml. přípravka,Ml_pripravka,8,
04.10.2026 11:00,SK Spartak Hajnice,SK Sparta Úpice,-- : -- (PK:0:0),Hajnice,,nezahájen delegace,2026-10-04,11:00:00,739893,2026-10-04 11:00:00,SK Spartak Hajnice - SK Sparta Úpice,False,SK Spartak Hajnice,V,OP mladší přípravky,Ml. přípravka,Ml_pripravka,8,
04.10.2026 11:00,FC Mladé Buky,Sokol Vítězná,-- : -- (PK:0:0),M.Buky,,nezahájen delegace,2026-10-04,11:00:00,739893,2026-10-04 11:00:00,FC Mladé Buky - Sokol Vítězná,False,FC Mladé Buky,V,OP mladší přípravky,Ml. přípravka,Ml_pripravka,8,
04.10.2026 13:15,TJ Lánov,Fotbalový klub Mostek,-- : -- (PK:0:0),Lánov,,nezahájen delegace,2026-10-04,13:15:00,739893,2026-10-04 13:15:00,TJ Lánov - Fotbalový klub Mostek,False,TJ Lánov,V,OP mladší přípravky,Ml. přípravka,Ml_pripravka,8,
04.10.2026 13:30,TJ Jiskra Kocbeře,MFK Trutnov dívky,-- : -- (PK:0:0),Kocbeře,,nezahájen delegace,2026-10-04,13:30:00,739893,2026-10-04 13:30:00,TJ Jiskra Kocbeře - MFK Trutnov dívky,False,TJ Jiskra Kocbeře,V,OP mladší přípravky,Ml. přípravka,Ml_pripravka,8,
03.10.2026 11:00,TJ Baník Žacléř,FK Dolní Kalná,-- : -- (PK:0:0),Žacléř,,nezahájen delegace,2026-10-03,11:00:00,739892,2026-10-03 11:00:00,TJ Baník Žacléř - FK Dolní Kalná,False,TJ Baník Žacléř,V,OP mladší přípravky,Ml. přípravka,Ml_pripravka,8,
03.10.2026 12:00,TJ Baník Žacléř,FK Dolní Kalná,-- : -- (PK:0:0),Žacléř,,nezahájen delegace,2026-10-03,12:00:00,739892,2026-10-03 12:00:00,TJ Baník Žacléř - FK Dolní Kalná,False,TJ Baník Žacléř,V,OP mladší přípravky,Ml. přípravka,Ml_pripravka,8,
11.10.2026 10:00,SK Sparta Úpice,TJ Lánov,-- : -- (PK:0:0),Úpice,,nezahájen delegace,2026-10-11,10:00:00,739900,2026-10-11 10:00:00,SK Sparta Úpice - TJ Lánov,False,SK Sparta Úpice,V,OP mladší přípravky,Ml. přípravka,Ml_pripravka,8,
11.10.2026 09:00,SK Sparta Úpice,TJ Lánov,-- : -- (PK:0:0),Úpice,,nezahájen delegace,2026-10-11,09:00:00,739900,2026-10-11 09:00:00,SK Sparta Úpice - TJ Lánov,False,SK Sparta Úpice,V,OP mladší přípravky,Ml. přípravka,Ml_pripravka,8,
11.10.2026 12:30,TJ Baník Žacléř,SK Spartak Hajnice,-- : -- (PK:0:0),Žacléř,,nezahájen delegace,2026-10-11,12:30:00,739900,2026-10-11 12:30:00,TJ Baník Žacléř - SK Spartak Hajnice,False,TJ Baník Žacléř,V,OP mladší přípravky,Ml. přípravka,Ml_pripravka,8,
11.10.2026 12:15,TJ SOKOL Bílá Třemešná,FC Mladé Buky,-- : -- (PK:0:0),B.Třemešná,,nezahájen delegace,2026-10-11,12:15:00,739900,2026-10-11 12:15:00,TJ SOKOL Bílá Třemešná - FC Mladé Buky,True,FC Mladé Buky,D,OP mladší přípravky,Ml. přípravka,Ml_pripravka,8,
11.10.2026 13:30,FK Dolní Kalná,TJ Jiskra Kocbeře,-- : -- (PK:0:0),Dolní Kalná,,nezahájen delegace,2026-10-11,13:30:00,739900,2026-10-11 13:30:00,FK Dolní Kalná - TJ Jiskra Kocbeře,False,FK Dolní Kalná,V,OP mladší přípravky,Ml. přípravka,Ml_pripravka,8,
11.10.2026 13:30,TJ Baník Žacléř,SK Spartak Hajnice,-- : -- (PK:0:0),Žacléř,,nezahájen delegace,2026-10-11,13:30:00,739900,2026-10-11 13:30:00,TJ Baník Žacléř - SK Spartak Hajnice,False,TJ Baník Žacléř,V,OP mladší přípravky,Ml. přípravka,Ml_pripravka,8,
11.10.2026 13:00,Sokol Vítězná,Fotbalový klub Mostek,-- : -- (PK:0:0),Vítězná,,nezahájen delegace,2026-10-11,13:00:00,739900,2026-10-11 13:00:00,Sokol Vítězná - Fotbalový klub Mostek,False,Sokol Vítězná,V,OP mladší přípravky,Ml. přípravka,Ml_pripravka,8,
11.10.2026 13:15,TJ SOKOL Bílá Třemešná,FC Mladé Buky,-- : -- (PK:0:0),B.Třemešná,,nezahájen delegace,2026-10-11,13:15:00,739900,2026-10-11 13:15:00,TJ SOKOL Bílá Třemešná - FC Mladé Buky,True,FC Mladé Buky,D,OP mladší přípravky,Ml. přípravka,Ml_pripravka,8,
11.10.2026 14:00,Sokol Vítězná,Fotbalový klub Mostek,-- : -- (PK:0:0),Vítězná,,nezahájen delegace,2026-10-11,14:00:00,739900,2026-10-11 14:00:00,Sokol Vítězná - Fotbalový klub Mostek,False,Sokol Vítězná,V,OP mladší přípravky,Ml. přípravka,Ml_pripravka,8,
11.10.2026 14:30,FK Dolní Kalná,TJ Jiskra Kocbeře,-- : -- (PK:0:0),Dolní Kalná,,nezahájen delegace,2026-10-11,14:30:00,739900,2026-10-11 14:30:00,FK Dolní Kalná - TJ Jiskra Kocbeře,False,FK Dolní Kalná,V,OP mladší přípravky,Ml. přípravka,Ml_pripravka,8,
10.10.2026 10:00,MFK Trutnov dívky,TJ Dvůr Králové nad Labem,-- : -- (PK:0:0),Trutnov / UMT,,nezahájen delegace,2026-10-10,10:00:00,739899,2026-10-10 10:00:00,MFK Trutnov dívky - TJ Dvůr Králové nad Labem,False,MFK Trutnov dívky,V,OP mladší přípravky,Ml. přípravka,Ml_pripravka,8,
10.10.2026 11:00,MFK Trutnov dívky,TJ Dvůr Králové nad Labem,-- : -- (PK:0:0),Trutnov / UMT,,nezahájen delegace,2026-10-10,11:00:00,739899,2026-10-10 11:00:00,MFK Trutnov dívky - TJ Dvůr Králové nad Labem,False,MFK Trutnov dívky,V,OP mladší přípravky,Ml. přípravka,Ml_pripravka,8,
18.10.2026 10:00,MFK Trutnov dívky,Sokol Vítězná,-- : -- (PK:0:0),H.S.M.,,nezahájen delegace,2026-10-18,10:00:00,739907,2026-10-18 10:00:00,MFK Trutnov dívky - Sokol Vítězná,False,MFK Trutnov dívky,V,OP mladší přípravky,Ml. přípravka,Ml_pripravka,8,
18.10.2026 10:00,TJ Dvůr Králové nad Labem,SK Spartak Hajnice,-- : -- (PK:0:0),D.Králové,,nezahájen delegace,2026-10-18,10:00:00,739907,2026-10-18 10:00:00,TJ Dvůr Králové nad Labem - SK Spartak Hajnice,False,TJ Dvůr Králové nad Labem,V,OP mladší přípravky,Ml. přípravka,Ml_pripravka,8,
18.10.2026 11:00,TJ Dvůr Králové nad Labem,SK Spartak Hajnice,-- : -- (PK:0:0),D.Králové,,nezahájen delegace,2026-10-18,11:00:00,739907,2026-10-18 11:00:00,TJ Dvůr Králové nad Labem - SK Spartak Hajnice,False,TJ Dvůr Králové nad Labem,V,OP mladší přípravky,Ml. přípravka,Ml_pripravka,8,
18.10.2026 11:00,MFK Trutnov dívky,Sokol Vítězná,-- : -- (PK:0:0),H.S.M.,,nezahájen delegace,2026-10-18,11:00:00,739907,2026-10-18 11:00:00,MFK Trutnov dívky - Sokol Vítězná,False,MFK Trutnov dívky,V,OP mladší přípravky,Ml. přípravka,Ml_pripravka,8,
18.10.2026 13:15,TJ Lánov,FK Dolní Kalná,-- : -- (PK:0:0),Lánov,,nezahájen delegace,2026-10-18,13:15:00,739907,2026-10-18 13:15:00,TJ Lánov - FK Dolní Kalná,False,TJ Lánov,V,OP mladší přípravky,Ml. přípravka,Ml_pripravka,8,
18.10.2026 13:30,TJ Jiskra Kocbeře,TJ SOKOL Bílá Třemešná,-- : -- (PK:0:0),Kocbeře,,nezahájen delegace,2026-10-18,13:30:00,739907,2026-10-18 13:30:00,TJ Jiskra Kocbeře - TJ SOKOL Bílá Třemešná,True,TJ Jiskra Kocbeře,V,OP mladší přípravky,Ml. přípravka,Ml_pripravka,8,
18.10.2026 12:15,TJ Lánov,FK Dolní Kalná,-- : -- (PK:0:0),Lánov,,nezahájen delegace,2026-10-18,12:15:00,739907,2026-10-18 12:15:00,TJ Lánov - FK Dolní Kalná,False,TJ Lánov,V,OP mladší přípravky,Ml. přípravka,Ml_pripravka,8,
18.10.2026 12:30,TJ Jiskra Kocbeře,TJ SOKOL Bílá Třemešná,-- : -- (PK:0:0),Kocbeře,,nezahájen delegace,2026-10-18,12:30:00,739907,2026-10-18 12:30:00,TJ Jiskra Kocbeře - TJ SOKOL Bílá Třemešná,True,TJ Jiskra Kocbeře,V,OP mladší přípravky,Ml. přípravka,Ml_pripravka,8,
18.10.2026 14:15,Fotbalový klub Mostek,SK Sparta Úpice,-- : -- (PK:0:0),Mostek,,nezahájen delegace,2026-10-18,14:15:00,739907,2026-10-18 14:15:00,Fotbalový klub Mostek - SK Sparta Úpice,False,Fotbalový klub Mostek,V,OP mladší přípravky,Ml. přípravka,Ml_pripravka,8,
18.10.2026 15:15,Fotbalový klub Mostek,SK Sparta Úpice,-- : -- (PK:0:0),Mostek,,nezahájen delegace,2026-10-18,15:15:00,739907,2026-10-18 15:15:00,Fotbalový klub Mostek - SK Sparta Úpice,False,Fotbalový klub Mostek,V,OP mladší přípravky,Ml. přípravka,Ml_pripravka,8,
17.10.2026 12:30,FC Mladé Buky,TJ Baník Žacléř,-- : -- (PK:0:0),M.Buky,,nezahájen delegace,2026-10-17,12:30:00,739906,2026-10-17 12:30:00,FC Mladé Buky - TJ Baník Žacléř,False,FC Mladé Buky,V,OP mladší přípravky,Ml. přípravka,Ml_pripravka,8,
17.10.2026 13:30,FC Mladé Buky,TJ Baník Žacléř,-- : -- (PK:0:0),M.Buky,,nezahájen delegace,2026-10-17,13:30:00,739906,2026-10-17 13:30:00,FC Mladé Buky - TJ Baník Žacléř,False,FC Mladé Buky,V,OP mladší přípravky,Ml. přípravka,Ml_pripravka,8,
25.10.2026 10:00,TJ SOKOL Bílá Třemešná,TJ Lánov,-- : -- (PK:0:0),B.Třemešná,,nezahájen delegace,2026-10-25,10:00:00,739914,2026-10-25 10:00:00,TJ SOKOL Bílá Třemešná - TJ Lánov,True,TJ Lánov,D,OP mladší přípravky,Ml. přípravka,Ml_pripravka,8,
25.10.2026 10:00,SK Spartak Hajnice,FC Mladé Buky,-- : -- (PK:0:0),Hajnice,,nezahájen delegace,2026-10-25,10:00:00,739914,2026-10-25 10:00:00,SK Spartak Hajnice - FC Mladé Buky,False,SK Spartak Hajnice,V,OP mladší přípravky,Ml. přípravka,Ml_pripravka,8,
25.10.2026 11:00,SK Spartak Hajnice,FC Mladé Buky,-- : -- (PK:0:0),Hajnice,,nezahájen delegace,2026-10-25,11:00:00,739914,2026-10-25 11:00:00,SK Spartak Hajnice - FC Mladé Buky,False,SK Spartak Hajnice,V,OP mladší přípravky,Ml. přípravka,Ml_pripravka,8,
25.10.2026 11:00,TJ SOKOL Bílá Třemešná,TJ Lánov,-- : -- (PK:0:0),B.Třemešná,,nezahájen delegace,2026-10-25,11:00:00,739914,2026-10-25 11:00:00,TJ SOKOL Bílá Třemešná - TJ Lánov,True,TJ Lánov,D,OP mladší přípravky,Ml. přípravka,Ml_pripravka,8,
24.10.2026 10:30,TJ Baník Žacléř,TJ Jiskra Kocbeře,-- : -- (PK:0:0),Žacléř,,nezahájen delegace,2026-10-24,10:30:00,739913,2026-10-24 10:30:00,TJ Baník Žacléř - TJ Jiskra Kocbeře,False,TJ Baník Žacléř,V,OP mladší přípravky,Ml. přípravka,Ml_pripravka,8,
24.10.2026 10:00,SK Sparta Úpice,MFK Trutnov dívky,-- : -- (PK:0:0),Úpice,,nezahájen delegace,2026-10-24,10:00:00,739913,2026-10-24 10:00:00,SK Sparta Úpice - MFK Trutnov dívky,False,SK Sparta Úpice,V,OP mladší přípravky,Ml. přípravka,Ml_pripravka,8,
24.10.2026 10:00,FK Dolní Kalná,Fotbalový klub Mostek,-- : -- (PK:0:0),Dolní Kalná,,nezahájen delegace,2026-10-24,10:00:00,739913,2026-10-24 10:00:00,FK Dolní Kalná - Fotbalový klub Mostek,False,FK Dolní Kalná,V,OP mladší přípravky,Ml. přípravka,Ml_pripravka,8,
24.10.2026 09:30,TJ Baník Žacléř,TJ Jiskra Kocbeře,-- : -- (PK:0:0),Žacléř,,nezahájen delegace,2026-10-24,09:30:00,739913,2026-10-24 09:30:00,TJ Baník Žacléř - TJ Jiskra Kocbeře,False,TJ Baník Žacléř,V,OP mladší přípravky,Ml. přípravka,Ml_pripravka,8,
24.10.2026 12:30,Sokol Vítězná,TJ Dvůr Králové nad Labem,-- : -- (PK:0:0),Vítězná,,nezahájen delegace,2026-10-24,12:30:00,739913,2026-10-24 12:30:00,Sokol Vítězná - TJ Dvůr Králové nad Labem,False,Sokol Vítězná,V,OP mladší přípravky,Ml. přípravka,Ml_pripravka,8,
24.10.2026 11:30,Sokol Vítězná,TJ Dvůr Králové nad Labem,-- : -- (PK:0:0),Vítězná,,nezahájen delegace,2026-10-24,11:30:00,739913,2026-10-24 11:30:00,Sokol Vítězná - TJ Dvůr Králové nad Labem,False,Sokol Vítězná,V,OP mladší přípravky,Ml. přípravka,Ml_pripravka,8,
24.10.2026 11:00,SK Sparta Úpice,MFK Trutnov dívky,-- : -- (PK:0:0),Úpice,,nezahájen delegace,2026-10-24,11:00:00,739913,2026-10-24 11:00:00,SK Sparta Úpice - MFK Trutnov dívky,False,SK Sparta Úpice,V,OP mladší přípravky,Ml. přípravka,Ml_pripravka,8,
24.10.2026 11:00,FK Dolní Kalná,Fotbalový klub Mostek,-- : -- (PK:0:0),Dolní Kalná,,nezahájen delegace,2026-10-24,11:00:00,739913,2026-10-24 11:00:00,FK Dolní Kalná - Fotbalový klub Mostek,False,FK Dolní Kalná,V,OP mladší přípravky,Ml. přípravka,Ml_pripravka,8,
31.10.2026 11:00,FC Mladé Buky,Fotbalový klub Mostek,-- : -- (PK:0:0),M.Buky,,nezahájen delegace,2026-10-31,11:00:00,739920,2026-10-31 11:00:00,FC Mladé Buky - Fotbalový klub Mostek,False,FC Mladé Buky,V,OP mladší přípravky,Ml. přípravka,Ml_pripravka,8,
31.10.2026 10:00,FC Mladé Buky,Fotbalový klub Mostek,-- : -- (PK:0:0),M.Buky,,nezahájen delegace,2026-10-31,10:00:00,739920,2026-10-31 10:00:00,FC Mladé Buky - Fotbalový klub Mostek,False,FC Mladé Buky,V,OP mladší přípravky,Ml. přípravka,Ml_pripravka,8,
28.10.2026 10:00,TJ SOKOL Bílá Třemešná,SK Sparta Úpice,-- : -- (PK:0:0),B.Třemešná,,nezahájen delegace,2026-10-28,10:00:00,739917,2026-10-28 10:00:00,TJ SOKOL Bílá Třemešná - SK Sparta Úpice,True,SK Sparta Úpice,D,OP mladší přípravky,Ml. přípravka,Ml_pripravka,8,
28.10.2026 10:00,TJ Baník Žacléř,Sokol Vítězná,-- : -- (PK:0:0),Žacléř,,nezahájen delegace,2026-10-28,10:00:00,739917,2026-10-28 10:00:00,TJ Baník Žacléř - Sokol Vítězná,False,TJ Baník Žacléř,V,OP mladší přípravky,Ml. přípravka,Ml_pripravka,8,
28.10.2026 10:00,FK Dolní Kalná,TJ Dvůr Králové nad Labem,-- : -- (PK:0:0),Dolní Kalná,,nezahájen delegace,2026-10-28,10:00:00,739917,2026-10-28 10:00:00,FK Dolní Kalná - TJ Dvůr Králové nad Labem,False,FK Dolní Kalná,V,OP mladší přípravky,Ml. přípravka,Ml_pripravka,8,
28.10.2026 10:00,SK Spartak Hajnice,MFK Trutnov dívky,-- : -- (PK:0:0),Hajnice,,nezahájen delegace,2026-10-28,10:00:00,739917,2026-10-28 10:00:00,SK Spartak Hajnice - MFK Trutnov dívky,False,SK Spartak Hajnice,V,OP mladší přípravky,Ml. přípravka,Ml_pripravka,8,
28.10.2026 11:00,FK Dolní Kalná,TJ Dvůr Králové nad Labem,-- : -- (PK:0:0),Dolní Kalná,,nezahájen delegace,2026-10-28,11:00:00,739917,2026-10-28 11:00:00,FK Dolní Kalná - TJ Dvůr Králové nad Labem,False,FK Dolní Kalná,V,OP mladší přípravky,Ml. přípravka,Ml_pripravka,8,
28.10.2026 11:00,SK Spartak Hajnice,MFK Trutnov dívky,-- : -- (PK:0:0),Hajnice,,nezahájen delegace,2026-10-28,11:00:00,739917,2026-10-28 11:00:00,SK Spartak Hajnice - MFK Trutnov dívky,False,SK Spartak Hajnice,V,OP mladší přípravky,Ml. přípravka,Ml_pripravka,8,
28.10.2026 11:00,TJ SOKOL Bílá Třemešná,SK Sparta Úpice,-- : -- (PK:0:0),B.Třemešná,,nezahájen delegace,2026-10-28,11:00:00,739917,2026-10-28 11:00:00,TJ SOKOL Bílá Třemešná - SK Sparta Úpice,True,SK Sparta Úpice,D,OP mladší přípravky,Ml. přípravka,Ml_pripravka,8,
28.10.2026 11:00,TJ Baník Žacléř,Sokol Vítězná,-- : -- (PK:0:0),Žacléř,,nezahájen delegace,2026-10-28,11:00:00,739917,2026-10-28 11:00:00,TJ Baník Žacléř - Sokol Vítězná,False,TJ Baník Žacléř,V,OP mladší přípravky,Ml. přípravka,Ml_pripravka,8,
28.10.2026 13:30,TJ Jiskra Kocbeře,TJ Lánov,-- : -- (PK:0:0),Kocbeře,,nezahájen delegace,2026-10-28,13:30:00,739917,2026-10-28 13:30:00,TJ Jiskra Kocbeře - TJ Lánov,False,TJ Jiskra Kocbeře,V,OP mladší přípravky,Ml. přípravka,Ml_pripravka,8,
28.10.2026 12:30,TJ Jiskra Kocbeře,TJ Lánov,-- : -- (PK:0:0),Kocbeře,,nezahájen delegace,2026-10-28,12:30:00,739917,2026-10-28 12:30:00,TJ Jiskra Kocbeře - TJ Lánov,False,TJ Jiskra Kocbeře,V,OP mladší přípravky,Ml. přípravka,Ml_pripravka,8,
10.09.2026 17:00,FC Mladé Buky II,MFK Trutnov,-- : -- (PK:0:0),M.Buky,,nezahájen delegace,2026-09-10,17:00:00,739869,2026-09-10 17:00:00,FC Mladé Buky II - MFK Trutnov,False,FC Mladé Buky II,V,OP minipřípravky,Mini přípravka,Mini_pripravka,9,
10.09.2026 17:00,TJ SOKOL Bílá Třemešná,TJ Dvůr Králové nad Labem,-- : -- (PK:0:0),B.Třemešná,,nezahájen delegace,2026-09-10,17:00:00,739869,2026-09-10 17:00:00,TJ SOKOL Bílá Třemešná - TJ Dvůr Králové nad Labem,True,TJ Dvůr Králové nad Labem,D,OP minipřípravky,Mini přípravka,Mini_pripravka,9,
10.09.2026 17:00,TJ Spartak Pilníkov,FC Mladé Buky I,-- : -- (PK:0:0),Pilníkov,,nezahájen delegace,2026-09-10,17:00:00,739869,2026-09-10 17:00:00,TJ Spartak Pilníkov - FC Mladé Buky I,False,TJ Spartak Pilníkov,V,OP minipřípravky,Mini přípravka,Mini_pripravka,9,
10.09.2026 17:40,TJ Spartak Pilníkov,FC Mladé Buky I,-- : -- (PK:0:0),Pilníkov,,nezahájen delegace,2026-09-10,17:40:00,739869,2026-09-10 17:40:00,TJ Spartak Pilníkov - FC Mladé Buky I,False,TJ Spartak Pilníkov,V,OP minipřípravky,Mini přípravka,Mini_pripravka,9,
10.09.2026 17:40,TJ SOKOL Bílá Třemešná,TJ Dvůr Králové nad Labem,-- : -- (PK:0:0),B.Třemešná,,nezahájen delegace,2026-09-10,17:40:00,739869,2026-09-10 17:40:00,TJ SOKOL Bílá Třemešná - TJ Dvůr Králové nad Labem,True,TJ Dvůr Králové nad Labem,D,OP minipřípravky,Mini přípravka,Mini_pripravka,9,
10.09.2026 17:40,FC Mladé Buky II,MFK Trutnov,-- : -- (PK:0:0),M.Buky,,nezahájen delegace,2026-09-10,17:40:00,739869,2026-09-10 17:40:00,FC Mladé Buky II - MFK Trutnov,False,FC Mladé Buky II,V,OP minipřípravky,Mini přípravka,Mini_pripravka,9,
17.09.2026 17:00,TJ SOKOL Bílá Třemešná,FC Mladé Buky II,-- : -- (PK:0:0),B.Třemešná,,nezahájen delegace,2026-09-17,17:00:00,739876,2026-09-17 17:00:00,TJ SOKOL Bílá Třemešná - FC Mladé Buky II,True,FC Mladé Buky II,D,OP minipřípravky,Mini přípravka,Mini_pripravka,9,
17.09.2026 17:00,TJ Dvůr Králové nad Labem,TJ Spartak Pilníkov,-- : -- (PK:0:0),Dvůr Králové n.L. / tráva,,nezahájen delegace,2026-09-17,17:00:00,739876,2026-09-17 17:00:00,TJ Dvůr Králové nad Labem - TJ Spartak Pilníkov,False,TJ Dvůr Králové nad Labem,V,OP minipřípravky,Mini přípravka,Mini_pripravka,9,
17.09.2026 17:00,MFK Trutnov,FC Mladé Buky I,-- : -- (PK:0:0),H.S.M.,,nezahájen delegace,2026-09-17,17:00:00,739876,2026-09-17 17:00:00,MFK Trutnov - FC Mladé Buky I,False,MFK Trutnov,V,OP minipřípravky,Mini přípravka,Mini_pripravka,9,
17.09.2026 17:40,FC Mladé Buky I,SK Sparta Úpice,-- : -- (PK:0:0),H.S.M.,,nezahájen delegace,2026-09-17,17:40:00,739876,2026-09-17 17:40:00,FC Mladé Buky I - SK Sparta Úpice,False,FC Mladé Buky I,V,OP minipřípravky,Mini přípravka,Mini_pripravka,9,
17.09.2026 17:40,TJ Dvůr Králové nad Labem,TJ Spartak Pilníkov,-- : -- (PK:0:0),Dvůr Králové n.L. / tráva,,nezahájen delegace,2026-09-17,17:40:00,739876,2026-09-17 17:40:00,TJ Dvůr Králové nad Labem - TJ Spartak Pilníkov,False,TJ Dvůr Králové nad Labem,V,OP minipřípravky,Mini přípravka,Mini_pripravka,9,
17.09.2026 17:40,TJ SOKOL Bílá Třemešná,FC Mladé Buky II,-- : -- (PK:0:0),B.Třemešná,,nezahájen delegace,2026-09-17,17:40:00,739876,2026-09-17 17:40:00,TJ SOKOL Bílá Třemešná - FC Mladé Buky II,True,FC Mladé Buky II,D,OP minipřípravky,Mini přípravka,Mini_pripravka,9,
17.09.2026 18:20,MFK Trutnov,SK Sparta Úpice,-- : -- (PK:0:0),H.S.M.,,nezahájen delegace,2026-09-17,18:20:00,739876,2026-09-17 18:20:00,MFK Trutnov - SK Sparta Úpice,False,MFK Trutnov,V,OP minipřípravky,Mini přípravka,Mini_pripravka,9,
24.09.2026 17:00,TJ Spartak Pilníkov,FC Mladé Buky II,-- : -- (PK:0:0),Pilníkov,,nezahájen delegace,2026-09-24,17:00:00,739883,2026-09-24 17:00:00,TJ Spartak Pilníkov - FC Mladé Buky II,False,TJ Spartak Pilníkov,V,OP minipřípravky,Mini přípravka,Mini_pripravka,9,
24.09.2026 17:00,SK Sparta Úpice,TJ Dvůr Králové nad Labem,-- : -- (PK:0:0),Úpice,,nezahájen delegace,2026-09-24,17:00:00,739883,2026-09-24 17:00:00,SK Sparta Úpice - TJ Dvůr Králové nad Labem,False,SK Sparta Úpice,V,OP minipřípravky,Mini přípravka,Mini_pripravka,9,
24.09.2026 17:00,FC Mladé Buky I,MFK Trutnov,-- : -- (PK:0:0),M.Buky,,nezahájen delegace,2026-09-24,17:00:00,739883,2026-09-24 17:00:00,FC Mladé Buky I - MFK Trutnov,False,FC Mladé Buky I,V,OP minipřípravky,Mini přípravka,Mini_pripravka,9,
24.09.2026 17:40,FC Mladé Buky I,MFK Trutnov,-- : -- (PK:0:0),M.Buky,,nezahájen delegace,2026-09-24,17:40:00,739883,2026-09-24 17:40:00,FC Mladé Buky I - MFK Trutnov,False,FC Mladé Buky I,V,OP minipřípravky,Mini přípravka,Mini_pripravka,9,
24.09.2026 17:40,TJ Spartak Pilníkov,FC Mladé Buky II,-- : -- (PK:0:0),Pilníkov,,nezahájen delegace,2026-09-24,17:40:00,739883,2026-09-24 17:40:00,TJ Spartak Pilníkov - FC Mladé Buky II,False,TJ Spartak Pilníkov,V,OP minipřípravky,Mini přípravka,Mini_pripravka,9,
24.09.2026 17:40,SK Sparta Úpice,TJ Dvůr Králové nad Labem,-- : -- (PK:0:0),Úpice,,nezahájen delegace,2026-09-24,17:40:00,739883,2026-09-24 17:40:00,SK Sparta Úpice - TJ Dvůr Králové nad Labem,False,SK Sparta Úpice,V,OP minipřípravky,Mini přípravka,Mini_pripravka,9,
01.10.2026 16:30,TJ SOKOL Bílá Třemešná,TJ Spartak Pilníkov,-- : -- (PK:0:0),B.Třemešná,,nezahájen delegace,2026-10-01,16:30:00,739890,2026-10-01 16:30:00,TJ SOKOL Bílá Třemešná - TJ Spartak Pilníkov,True,TJ Spartak Pilníkov,D,OP minipřípravky,Mini přípravka,Mini_pripravka,9,
01.10.2026 16:30,TJ Dvůr Králové nad Labem,FC Mladé Buky I,-- : -- (PK:0:0),Dvůr Králové n.L. / tráva,,nezahájen delegace,2026-10-01,16:30:00,739890,2026-10-01 16:30:00,TJ Dvůr Králové nad Labem - FC Mladé Buky I,False,TJ Dvůr Králové nad Labem,V,OP minipřípravky,Mini přípravka,Mini_pripravka,9,
01.10.2026 16:30,FC Mladé Buky II,MFK Trutnov,-- : -- (PK:0:0),M.Buky,,nezahájen delegace,2026-10-01,16:30:00,739890,2026-10-01 16:30:00,FC Mladé Buky II - MFK Trutnov,False,FC Mladé Buky II,V,OP minipřípravky,Mini přípravka,Mini_pripravka,9,
01.10.2026 17:10,MFK Trutnov,SK Sparta Úpice,-- : -- (PK:0:0),M.Buky,,nezahájen delegace,2026-10-01,17:10:00,739890,2026-10-01 17:10:00,MFK Trutnov - SK Sparta Úpice,False,MFK Trutnov,V,OP minipřípravky,Mini přípravka,Mini_pripravka,9,
01.10.2026 17:10,TJ Dvůr Králové nad Labem,FC Mladé Buky I,-- : -- (PK:0:0),Dvůr Králové n.L. / tráva,,nezahájen delegace,2026-10-01,17:10:00,739890,2026-10-01 17:10:00,TJ Dvůr Králové nad Labem - FC Mladé Buky I,False,TJ Dvůr Králové nad Labem,V,OP minipřípravky,Mini přípravka,Mini_pripravka,9,
01.10.2026 17:10,TJ SOKOL Bílá Třemešná,TJ Spartak Pilníkov,-- : -- (PK:0:0),B.Třemešná,,nezahájen delegace,2026-10-01,17:10:00,739890,2026-10-01 17:10:00,TJ SOKOL Bílá Třemešná - TJ Spartak Pilníkov,True,TJ Spartak Pilníkov,D,OP minipřípravky,Mini přípravka,Mini_pripravka,9,
01.10.2026 17:50,FC Mladé Buky II,SK Sparta Úpice,-- : -- (PK:0:0),M.Buky,,nezahájen delegace,2026-10-01,17:50:00,739890,2026-10-01 17:50:00,FC Mladé Buky II - SK Sparta Úpice,False,FC Mladé Buky II,V,OP minipřípravky,Mini přípravka,Mini_pripravka,9,
08.10.2026 16:30,FC Mladé Buky I,FC Mladé Buky II,-- : -- (PK:0:0),M.Buky,,nezahájen delegace,2026-10-08,16:30:00,739897,2026-10-08 16:30:00,FC Mladé Buky I - FC Mladé Buky II,False,FC Mladé Buky I,V,OP minipřípravky,Mini přípravka,Mini_pripravka,9,
08.10.2026 16:30,MFK Trutnov,TJ Dvůr Králové nad Labem,-- : -- (PK:0:0),H.S.M.,,nezahájen delegace,2026-10-08,16:30:00,739897,2026-10-08 16:30:00,MFK Trutnov - TJ Dvůr Králové nad Labem,False,MFK Trutnov,V,OP minipřípravky,Mini přípravka,Mini_pripravka,9,
08.10.2026 16:30,TJ Spartak Pilníkov,TJ SOKOL Bílá Třemešná,-- : -- (PK:0:0),Pilníkov,,nezahájen delegace,2026-10-08,16:30:00,739897,2026-10-08 16:30:00,TJ Spartak Pilníkov - TJ SOKOL Bílá Třemešná,True,TJ Spartak Pilníkov,V,OP minipřípravky,Mini přípravka,Mini_pripravka,9,
08.10.2026 17:10,MFK Trutnov,TJ Dvůr Králové nad Labem,-- : -- (PK:0:0),H.S.M.,,nezahájen delegace,2026-10-08,17:10:00,739897,2026-10-08 17:10:00,MFK Trutnov - TJ Dvůr Králové nad Labem,False,MFK Trutnov,V,OP minipřípravky,Mini přípravka,Mini_pripravka,9,
08.10.2026 17:10,TJ Spartak Pilníkov,TJ SOKOL Bílá Třemešná,-- : -- (PK:0:0),Pilníkov,,nezahájen delegace,2026-10-08,17:10:00,739897,2026-10-08 17:10:00,TJ Spartak Pilníkov - TJ SOKOL Bílá Třemešná,True,TJ Spartak Pilníkov,V,OP minipřípravky,Mini přípravka,Mini_pripravka,9,
08.10.2026 17:10,FC Mladé Buky I,FC Mladé Buky II,-- : -- (PK:0:0),M.Buky,,nezahájen delegace,2026-10-08,17:10:00,739897,2026-10-08 17:10:00,FC Mladé Buky I - FC Mladé Buky II,False,FC Mladé Buky I,V,OP minipřípravky,Mini přípravka,Mini_pripravka,9,
15.10.2026 16:00,FC Mladé Buky II,MFK Trutnov,-- : -- (PK:0:0),M.Buky,,nezahájen delegace,2026-10-15,16:00:00,739904,2026-10-15 16:00:00,FC Mladé Buky II - MFK Trutnov,False,FC Mladé Buky II,V,OP minipřípravky,Mini přípravka,Mini_pripravka,9,
15.10.2026 16:00,TJ SOKOL Bílá Třemešná,FC Mladé Buky I,-- : -- (PK:0:0),B.Třemešná,,nezahájen delegace,2026-10-15,16:00:00,739904,2026-10-15 16:00:00,TJ SOKOL Bílá Třemešná - FC Mladé Buky I,True,FC Mladé Buky I,D,OP minipřípravky,Mini přípravka,Mini_pripravka,9,
15.10.2026 16:00,SK Sparta Úpice,TJ Spartak Pilníkov,-- : -- (PK:0:0),Úpice,,nezahájen delegace,2026-10-15,16:00:00,739904,2026-10-15 16:00:00,SK Sparta Úpice - TJ Spartak Pilníkov,False,SK Sparta Úpice,V,OP minipřípravky,Mini přípravka,Mini_pripravka,9,
15.10.2026 16:40,TJ Dvůr Králové nad Labem,TJ Spartak Pilníkov,-- : -- (PK:0:0),Úpice,,nezahájen delegace,2026-10-15,16:40:00,739904,2026-10-15 16:40:00,TJ Dvůr Králové nad Labem - TJ Spartak Pilníkov,False,TJ Dvůr Králové nad Labem,V,OP minipřípravky,Mini přípravka,Mini_pripravka,9,
15.10.2026 16:40,FC Mladé Buky II,MFK Trutnov,-- : -- (PK:0:0),M.Buky,,nezahájen delegace,2026-10-15,16:40:00,739904,2026-10-15 16:40:00,FC Mladé Buky II - MFK Trutnov,False,FC Mladé Buky II,V,OP minipřípravky,Mini přípravka,Mini_pripravka,9,
15.10.2026 16:40,TJ SOKOL Bílá Třemešná,FC Mladé Buky I,-- : -- (PK:0:0),B.Třemešná,,nezahájen delegace,2026-10-15,16:40:00,739904,2026-10-15 16:40:00,TJ SOKOL Bílá Třemešná - FC Mladé Buky I,True,FC Mladé Buky I,D,OP minipřípravky,Mini přípravka,Mini_pripravka,9,
15.10.2026 17:20,SK Sparta Úpice,TJ Dvůr Králové nad Labem,-- : -- (PK:0:0),Úpice,,nezahájen delegace,2026-10-15,17:20:00,739904,2026-10-15 17:20:00,SK Sparta Úpice - TJ Dvůr Králové nad Labem,False,SK Sparta Úpice,V,OP minipřípravky,Mini přípravka,Mini_pripravka,9,
